,radius,theta,value
0,0.0,0.9,0.9999991992971459
1,0.0,1.8,0.999999198843174
2,0.0,2.7,0.9999991985697168
3,0.0,3.6,0.9999991984541897
4,0.0,4.5,0.9999991984740099
5,0.0,5.4,0.9999991986065925
6,0.0,6.3,0.9999991988293535
7,0.0,7.2,0.9999991991197097
8,0.0,8.1,0.9999991994550763
9,0.0,9.0,0.9999991998128691
10,0.0,9.9,0.9999992001705047
11,0.0,10.8,0.9999992005053986
12,0.0,11.7,0.9999992007949674
13,0.0,12.6,0.9999992010166263
14,0.0,13.5,0.9999992011477917
15,0.0,14.4,0.9999992011658797
16,0.0,15.3,0.9999992010483062
17,0.0,16.2,0.9999992007724868
18,0.0,17.1,0.999999200315838
19,0.0,18.0,0.9999991996557756
20,0.0,18.9,0.9999992113644012
21,0.0,19.8,0.999999226482035
22,0.0,20.7,0.9999992416330187
23,0.0,21.6,0.9999992569648175
24,0.0,22.5,0.9999992726248976
25,0.0,23.4,0.9999992887607252
26,0.0,24.3,0.9999993055197653
27,0.0,25.2,0.9999993230494842
28,0.0,26.1,0.9999993507341809
29,0.0,27.0,0.9999994006653662
30,0.0,27.9,0.9999994494922583
31,0.0,28.8,0.9999994975699881
32,0.0,29.7,0.9999995452536858
33,0.0,30.6,0.9999995928984824
34,0.0,31.5,0.9999996408595084
35,0.0,32.4,0.9999996470673469
36,0.0,33.3,0.9999996336022057
37,0.0,34.2,0.9999996202170889
38,0.0,35.1,0.999999606491093
39,0.0,36.0,0.9999995920033139
40,0.0,36.9,0.9999995743204974
41,0.0,37.8,0.9999995188105922
42,0.0,38.7,0.9999994645013872
43,0.0,39.6,0.9999994109171056
44,0.0,40.5,0.9999993575819724
45,0.0,41.4,0.9999993040202109
46,0.0,42.3,0.9999993414498615
47,0.0,43.2,0.9999993795198887
48,0.0,44.1,0.9999994176656107
49,0.0,45.0,0.9999994562784373
50,0.0,45.9,0.9999995011121622
51,0.0,46.8,0.999999554524259
52,0.0,47.7,0.9999996073794741
53,0.0,48.6,0.9999996599019604
54,0.0,49.5,0.9999997110330082
55,0.0,50.4,0.9999997368931116
56,0.0,51.3,0.9999997629556431
57,0.0,52.2,0.9999997893078051
58,0.0,53.1,0.9999998160368
59,0.0,54.0,0.9999998384301653
60,0.0,54.9,0.9999998601070954
61,0.0,55.8,0.9999998814670065
62,0.0,56.7,0.9999999011402749
63,0.0,57.6,0.9999999099618415
64,0.0,58.5,0.9999999190743303
65,0.0,59.4,0.9999999284306446
66,0.0,60.3,0.9999999539721077
67,0.0,61.2,1.000000010153198
68,0.0,62.1,1.0000000661223607
69,0.0,63.0,1.0000001220357355
70,0.0,63.9,1.0000001372095584
71,0.0,64.8,1.0000001361722644
72,0.0,65.7,1.0000001351326226
73,0.0,66.6,1.0000001343919083
74,0.0,67.5,1.0000001362587863
75,0.0,68.4,1.0000001381778962
76,0.0,69.3,1.0000001400404437
77,0.0,70.2,1.0000001748149638
78,0.0,71.1,1.000000219850731
79,0.0,72.0,1.0000002651032418
80,0.0,72.9,1.000000310146348
81,0.0,73.8,1.0000003533909136
82,0.0,74.7,1.0000003963855193
83,0.0,75.6,1.0000004304194863
84,0.0,76.5,1.0000003692492874
85,0.0,77.4,1.0000003080990083
86,0.0,78.3,1.0000002467163893
87,0.0,79.2,1.0000002098299006
88,0.0,80.1,1.000000179311784
89,0.0,81.0,1.0000001490873467
90,0.0,81.9,1.0000001710722877
91,0.0,82.8,1.000000228841519
92,0.0,83.7,1.0000002864395487
93,0.0,84.6,1.000000330765852
94,0.0,85.5,1.0000003527393508
95,0.0,86.4,1.000000374727
96,0.0,87.3,1.00000038875909
97,0.0,88.2,1.0000003675445348
98,0.0,89.1,1.0000003463302787
99,0.0,90.0,1.0000003249898197
100,0.0,90.9,1.0000003591660918
101,0.0,91.8,1.0000003931598147
102,0.0,92.7,1.0000004271585508
103,0.0,93.6,1.0000004072617361
104,0.0,94.5,1.0000003751529367
105,0.0,95.4,1.0000003430111009
106,0.0,96.3,1.0000003505912547
107,0.0,97.2,1.0000003824640844
108,0.0,98.1,1.0000004143597239
109,0.0,99.0,1.0000004326639884
110,0.0,99.9,1.0000004317613602
111,0.0,100.8,1.0000004308654644
112,0.0,101.7,1.0000004327444725
113,0.0,102.6,1.00000044645236
114,0.0,103.5,1.0000004601354338
115,0.0,104.4,1.000000473838619
116,0.0,105.3,1.000000438545668
117,0.0,106.2,1.0000003986231416
118,0.0,107.1,1.0000003586160338
119,0.0,108.0,1.0000003236386636
120,0.0,108.9,1.000000292086062
121,0.0,109.8,1.0000002605902
122,0.0,110.7,1.0000002246475475
123,0.0,111.6,1.0000001746621452
124,0.0,112.5,1.000000124697086
125,0.0,113.4,1.0000000748709865
126,0.0,114.3,1.0000000871274415
127,0.0,115.2,1.0000001142402855
128,0.0,116.1,1.0000001412802655
129,0.0,117.0,1.0000001492081707
130,0.0,117.9,1.0000001094618725
131,0.0,118.8,1.0000000697218119
132,0.0,119.7,1.0000000299046212
133,0.0,120.6,1.000000011261455
134,0.0,121.5,1.0000000033640828
135,0.0,122.4,0.9999999955576325
136,0.0,123.3,0.9999999878567396
137,0.0,124.2,0.999999931322981
138,0.0,125.1,0.9999998704887028
139,0.0,126.0,0.9999998094953811
140,0.0,126.9,0.9999997494498126
141,0.0,127.8,0.9999997292593339
142,0.0,128.7,0.9999997091477674
143,0.0,129.6,0.9999996895274573
144,0.0,130.5,0.9999996708107488
145,0.0,131.4,0.9999997335800411
146,0.0,132.3,0.9999997987434851
147,0.0,133.2,0.9999998633255396
148,0.0,134.1,0.999999927617972
149,0.0,135.0,0.9999999310443214
150,0.0,135.9,0.9999999002469602
151,0.0,136.8,0.9999998697329876
152,0.0,137.7,0.9999998394259139
153,0.0,138.6,0.9999998093412633
154,0.0,139.5,0.9999997920563648
155,0.0,140.4,0.9999997746974653
156,0.0,141.3,0.9999997571386234
157,0.0,142.2,0.9999997392538985
158,0.0,143.1,0.9999997209173496
159,0.0,144.0,0.9999996513657402
160,0.0,144.9,0.9999995805296537
161,0.0,145.8,0.9999995100015231
162,0.0,146.7,0.9999994395078465
163,0.0,147.6,0.9999993687751212
164,0.0,148.5,0.9999993208131658
165,0.0,149.4,0.9999993221337654
166,0.0,150.3,0.9999993232694313
167,0.0,151.2,0.9999993246092398
168,0.0,152.1,0.9999993265422684
169,0.0,153.0,0.9999993294575942
170,0.0,153.9,0.9999993337442946
171,0.0,154.8,0.9999993372344916
172,0.0,155.7,0.9999993385128311
173,0.0,156.6,0.9999993390051769
174,0.0,157.5,0.9999993387091011
175,0.0,158.4,0.9999993376221735
176,0.0,159.3,0.9999993357419668
177,0.0,160.2,0.9999993330660514
178,0.0,161.1,0.999999329591999
179,0.0,162.0,0.999999324497489
180,0.0,162.9,0.9999993163602947
181,0.0,163.8,0.9999993076267941
182,0.0,164.7,0.9999992984657194
183,0.0,165.6,0.9999992890458034
184,0.0,166.5,0.9999992795357773
185,0.0,167.4,0.9999992701043736
186,0.0,168.3,0.9999992609203248
187,0.0,169.2,0.9999992521523625
188,0.0,170.1,0.9999992439692195
189,0.0,171.0,0.9999992365396276
190,0.0,171.9,0.9999992300323189
191,0.0,172.8,0.9999992246160258
192,0.0,173.7,0.9999992204594803
193,0.0,174.6,0.9999992177314151
194,0.0,175.5,0.9999992166005619
195,0.0,176.4,0.9999992172356525
196,0.0,177.3,0.9999992198054198
197,0.0,178.2,0.999999224478596
198,0.0,179.1,0.999999231423913
199,0.0,0.0,0.9999991998704771
200,4.5,0.0,0.9999639330898642
201,9.0,0.0,0.9999278324753479
202,13.5,0.0,0.9998916389313071
203,18.0,0.0,0.9998552788175789
204,22.5,0.0,0.9998186784939983
205,27.0,0.0,0.9997817643204029
206,31.5,0.0,0.9997444626566283
207,36.0,0.0,0.9997066998625118
208,40.5,0.0,0.9996684022978884
209,45.0,0.0,0.9996294963225957
210,49.5,0.0,0.9995899082964694
211,54.0,0.0,0.999549564579346
212,58.5,0.0,0.9995083915310619
213,63.0,0.0,0.9994663155114535
214,67.5,0.0,0.9994232628803572
215,72.0,0.0,0.9993791599976096
216,76.5,0.0,0.9993339332230468
217,81.0,0.0,0.999287508916505
218,85.5,0.0,0.9992398134378205
219,90.0,0.0,0.9991907731468304
220,94.5,0.0,0.9991403144033705
221,99.0,0.0,0.9990883635672774
222,103.5,0.0,0.9990348469983871
223,108.0,0.0,0.9989796910565366
224,112.5,0.0,0.9989228221015615
225,117.0,0.0,0.9988641664932989
226,121.5,0.0,0.9988036505915845
227,126.0,0.0,0.9987412007562554
228,130.5,0.0,0.9986767433471471
229,135.0,0.0,0.9986102047240971
230,139.5,0.0,0.9985415112469406
231,144.0,0.0,0.998470589275515
232,148.5,0.0,0.9983973651696558
233,153.0,0.0,0.9983217652891999
234,157.5,0.0,0.9982438237556451
235,162.0,0.0,0.9981634298448578
236,166.5,0.0,0.9980804429836494
237,171.0,0.0,0.9979947997615032
238,175.5,0.0,0.9979064367679024
239,180.0,0.0,0.9978152905923303
240,184.5,0.0,0.9977212978242693
241,189.0,0.0,0.9976243950532027
242,193.5,0.0,0.997524518868614
243,198.0,0.0,0.9974216058599854
244,202.5,0.0,0.9973155926168006
245,207.0,0.0,0.9972064157285428
246,211.5,0.0,0.9970940117846947
247,216.0,0.0,0.9969783173747393
248,220.5,0.0,0.99685926908816
249,225.0,0.0,0.9967368035144392
250,229.5,0.0,0.9966108572430608
251,234.0,0.0,0.9964813668635067
252,238.5,0.0,0.9963482689652614
253,243.0,0.0,0.996211500137807
254,247.5,0.0,0.9960709969706271
255,252.0,0.0,0.9959266960532037
256,256.5,0.0,0.9957785339750213
257,261.0,0.0,0.9956264473255617
258,265.5,0.0,0.9954703726943088
259,270.0,0.0,0.9953102466707453
260,274.5,0.0,0.9951460058443546
261,279.0,0.0,0.9949775868046191
262,283.5,0.0,0.9948049261410224
263,288.0,0.0,0.9946279604430475
264,292.5,0.0,0.9944466263001773
265,297.0,0.0,0.9942608603018948
266,301.5,0.0,0.994070599037683
267,306.0,0.0,0.9938757790970254
268,310.5,0.0,0.9936763370694044
269,315.0,0.0,0.9934722095443036
270,319.5,0.0,0.9932633331112058
271,324.0,0.0,0.9930496443595943
272,328.5,0.0,0.9928310798789519
273,333.0,0.0,0.9926075762587617
274,337.5,0.0,0.9923790700885066
275,342.0,0.0,0.9921454979576699
276,346.5,0.0,0.9919067996290144
277,351.0,0.0,0.991660859924196
278,355.5,0.0,0.9914031261965064
279,360.0,0.0,0.9911345736016983
280,364.5,0.0,0.9908562710480043
281,369.0,0.0,0.9905692874436558
282,373.5,0.0,0.9902746916968848
283,378.0,0.0,0.9899735527159226
284,382.5,0.0,0.9896669394090013
285,387.0,0.0,0.9893559206843525
286,391.5,0.0,0.9890415654502083
287,396.0,0.0,0.9887249426148003
288,400.5,0.0,0.9884071210863604
289,405.0,0.0,0.9880891697731199
290,409.5,0.0,0.9877721575833115
291,414.0,0.0,0.9874571534251664
292,418.5,0.0,0.9871419803088919
293,423.0,0.0,0.9868098281197956
294,427.5,0.0,0.986458023750261
295,432.0,0.0,0.9860864875014439
296,436.5,0.0,0.9856951396745007
297,441.0,0.0,0.985283900570587
298,445.5,0.0,0.9848526904908602
299,450.0,0.0,0.9844014297364745
300,454.5,0.0,0.9839300386085873
301,459.0,0.0,0.9834384374083545
302,463.5,0.0,0.9829265464369317
303,468.0,0.0,0.9823944073208449
304,472.5,0.0,0.981848784333256
305,477.0,0.0,0.9812964519736399
306,481.5,0.0,0.9807427930957381
307,486.0,0.0,0.980193190553293
308,490.5,0.0,0.9796530272000468
309,495.0,0.0,0.979127685889741
310,499.5,0.0,0.9786225494761177
311,504.0,0.0,0.9781430008129187
312,508.5,0.0,0.9776932497778072
313,513.0,0.0,0.9772283440960308
314,517.5,0.0,0.9767237826513684
315,522.0,0.0,0.9761787106342985
316,526.5,0.0,0.9755922732352996
317,531.0,0.0,0.9749636156448505
318,535.5,0.0,0.9742918830534301
319,540.0,0.0,0.9735762206515159
320,544.5,0.0,0.9728155484707899
321,549.0,0.0,0.9720136368968101
322,553.5,0.0,0.9711813858189661
323,558.0,0.0,0.9703295585053275
324,562.5,0.0,0.9694689182239634
325,567.0,0.0,0.968610228242943
326,571.5,0.0,0.9677642518303367
327,576.0,0.0,0.9669340849294458
328,580.5,0.0,0.9660723768526016
329,585.0,0.0,0.965177681571962
330,589.5,0.0,0.9642605159804527
331,594.0,0.0,0.9633313969710008
332,598.5,0.0,0.9624008414365326
333,603.0,0.0,0.9614771546146176
334,607.5,0.0,0.960479373547051
335,612.0,0.0,0.9593796862599363
336,616.5,0.0,0.9582032079211213
337,621.0,0.0,0.9569750536984524
338,625.5,0.0,0.9557203387597778
339,630.0,0.0,0.954455662852078
340,634.5,0.0,0.9531307388740342
341,639.0,0.0,0.9517323557600291
342,643.5,0.0,0.9502601130578456
343,648.0,0.0,0.9487136103152668
344,652.5,0.0,0.9470928802275168
345,657.0,0.0,0.9454039988371244
346,661.5,0.0,0.9436615234698594
347,666.0,0.0,0.941883356355268
348,670.5,0.0,0.9400873997228968
349,675.0,0.0,0.9382817310299423
350,679.5,0.0,0.9363071841705265
351,684.0,0.0,0.9341954982009524
352,688.5,0.0,0.9320688074135427
353,693.0,0.0,0.9300492461006215
354,697.5,0.0,0.9281049467787974
355,702.0,0.0,0.9258038980281523
356,706.5,0.0,0.9232055027161568
357,711.0,0.0,0.920417146051886
358,715.5,0.0,0.9175469393190812
359,720.0,0.0,0.9146820509211845
360,724.5,0.0,0.9118658531500546
361,729.0,0.0,0.9091396060239475
362,733.5,0.0,0.9065328844184142
363,738.0,0.0,0.903457129106749
364,742.5,0.0,0.8997177039289121
365,747.0,0.0,0.8955246628637903
366,751.5,0.0,0.8910894060307639
367,756.0,0.0,0.8866218999079322
368,760.5,0.0,0.8823114348878159
369,765.0,0.0,0.8783488614115675
370,769.5,0.0,0.8747430491079498
371,774.0,0.0,0.8704510516045173
372,778.5,0.0,0.8653284433988546
373,783.0,0.0,0.8594390956477584
374,787.5,0.0,0.8529215900674745
375,792.0,0.0,0.8462673408271284
376,796.5,0.0,0.8400973123937107
377,801.0,0.0,0.8347706620914433
378,805.5,0.0,0.8286834737114349
379,810.0,0.0,0.8215355205934121
380,814.5,0.0,0.8134326767198148
381,819.0,0.0,0.8046163294961376
382,823.5,0.0,0.7956561698549871
383,828.0,0.0,0.7871932030033928
384,832.5,0.0,0.7783952255989389
385,837.0,0.0,0.7680620590288351
386,841.5,0.0,0.7572768462811307
387,846.0,0.0,0.7466262635701069
400,0.0,180.0,0.9999992396414096
401,4.5,180.0,0.9999659372448689
402,9.0,180.0,0.9999322992335131
403,13.5,180.0,0.999898946057568
404,18.0,180.0,0.9998657373567952
405,22.5,180.0,0.9998325327709543
406,27.0,180.0,0.9997991919398073
407,31.5,180.0,0.9997655745031148
408,36.0,180.0,0.999731540100638
409,40.5,180.0,0.999696948372138
410,45.0,180.0,0.9996616589573755
411,49.5,180.0,0.9996255314961119
412,54.0,180.0,0.999588425628108
413,58.5,180.0,0.9995502009931247
414,63.0,180.0,0.9995107172309222
415,67.5,180.0,0.9994698339812628
416,72.0,180.0,0.9994274108839067
417,76.5,180.0,0.9993833075786155
418,81.0,180.0,0.9993373837051496
419,85.5,180.0,0.9992894989032702
420,90.0,180.0,0.9992395128127385
421,94.5,180.0,0.9991872850733152
422,99.0,180.0,0.9991326753247615
423,103.5,180.0,0.999075543206838
424,108.0,180.0,0.9990157483593061
425,112.5,180.0,0.9989531504219263
426,117.0,180.0,0.9988876090344605
427,121.5,180.0,0.9988189838366689
428,126.0,180.0,0.9987471344683125
429,130.5,180.0,0.9986719205691528
430,135.0,180.0,0.9985932017789501
431,139.5,180.0,0.9985108377374662
432,144.0,180.0,0.9984246880844616
433,148.5,180.0,0.998334612459697
434,153.0,180.0,0.998240470502934
435,157.5,180.0,0.9981426760674524
436,162.0,180.0,0.9980433570077494
437,166.5,180.0,0.9979425055958706
438,171.0,180.0,0.9978400359965759
439,175.5,180.0,0.9977358623746249
440,180.0,180.0,0.9976298988947772
441,184.5,180.0,0.9975220597217931
442,189.0,180.0,0.9974122590204312
443,193.5,180.0,0.9973004109554517
444,198.0,180.0,0.9971864296916155
445,202.5,180.0,0.9970702293936808
446,207.0,180.0,0.9969517242264083
447,211.5,180.0,0.9968308283545574
448,216.0,180.0,0.9967074559428881
449,220.5,180.0,0.9965815211561598
450,225.0,180.0,0.9964529381591319
451,229.5,180.0,0.9963216211165647
452,234.0,180.0,0.996187484193218
453,238.5,180.0,0.9960504415538513
454,243.0,180.0,0.9959104073632242
455,247.5,180.0,0.9957672957860969
456,252.0,180.0,0.9956210209872285
457,256.5,180.0,0.9954714971313791
458,261.0,180.0,0.9953186383833087
459,265.5,180.0,0.9951623589077766
460,270.0,180.0,0.9950025728695429
461,274.5,180.0,0.9948391944333669
462,279.0,180.0,0.9946721377640084
463,283.5,180.0,0.9945013170262279
464,288.0,180.0,0.9943266463847842
465,292.5,180.0,0.9941480400044375
466,297.0,180.0,0.993965412049947
467,301.5,180.0,0.9937786766860736
468,306.0,180.0,0.9935877480775759
469,310.5,180.0,0.9933925403892139
470,315.0,180.0,0.9931929677857474
471,319.5,180.0,0.9929889444319366
472,324.0,180.0,0.9927803844925409
473,328.5,180.0,0.99256720213232
474,333.0,180.0,0.9923493115160331
475,337.5,180.0,0.992126626808441
476,342.0,180.0,0.9918990621743027
477,346.5,180.0,0.9916665317783782
478,351.0,180.0,0.9914287965481283
479,355.5,180.0,0.9911858444969549
480,360.0,180.0,0.9909377160437811
481,364.5,180.0,0.9906843594610011
482,369.0,180.0,0.9904257230210086
483,373.5,180.0,0.990161754996198
484,378.0,180.0,0.9898924036589636
485,382.5,180.0,0.9896176172816991
486,387.0,180.0,0.9893373441367989
487,391.5,180.0,0.9890515324966569
488,396.0,180.0,0.9887601306336676
489,400.5,180.0,0.988463086820225
490,405.0,180.0,0.988160349328723
491,409.5,180.0,0.9878518664315559
492,414.0,180.0,0.9875375864011179
493,418.5,180.0,0.9872164936461424
494,423.0,180.0,0.9868821609390618
495,427.5,180.0,0.9865325560703557
496,432.0,180.0,0.9861667395340311
497,436.5,180.0,0.9857837718240962
498,441.0,180.0,0.9853827134345573
499,445.5,180.0,0.9849626248594231
500,450.0,180.0,0.9845225665926992
501,454.5,180.0,0.9840615991283944
502,459.0,180.0,0.9835787829605153
503,463.5,180.0,0.9830731785830694
504,468.0,180.0,0.982543678240648
505,472.5,180.0,0.9819924758792227
506,477.0,180.0,0.9814266407590686
507,481.5,180.0,0.9808530393197671
508,486.0,180.0,0.9802785380008991
509,490.5,180.0,0.9797100032420472
510,495.0,180.0,0.979154301482792
511,499.5,180.0,0.9786182991627157
512,504.0,180.0,0.9781088627213995
513,508.5,180.0,0.9776311511268629
514,513.0,180.0,0.9771498416821865
515,517.5,180.0,0.9766473392119093
516,522.0,180.0,0.9761223334887886
517,526.5,180.0,0.9755735142855799
518,531.0,180.0,0.9749995713750393
519,535.5,180.0,0.9743991945299225
520,540.0,180.0,0.9737710735229855
521,544.5,180.0,0.97311345151464
522,549.0,180.0,0.9724202739717437
523,553.5,180.0,0.9716875020756648
524,558.0,180.0,0.9709123388033829
525,562.5,180.0,0.9700919871318772
526,567.0,180.0,0.9692236500381267
527,571.5,180.0,0.9683045304991106
528,576.0,180.0,0.967332399101128
529,580.5,180.0,0.966315995682659
530,585.0,180.0,0.9652767169282522
531,589.5,180.0,0.9642368342761354
532,594.0,180.0,0.9632186191645347
533,598.5,180.0,0.9622443430316766
534,603.0,180.0,0.9613332549851578
535,607.5,180.0,0.9603886807306227
536,612.0,180.0,0.959362531116166
537,616.5,180.0,0.9582654311289901
538,621.0,180.0,0.9571080057562988
539,625.5,180.0,0.9559008799852946
540,630.0,180.0,0.9546548489374196
541,634.5,180.0,0.9533717748519445
542,639.0,180.0,0.9520435855420971
543,643.5,180.0,0.9506622476248864
544,648.0,180.0,0.9492197277173214
545,652.5,180.0,0.9477055875474623
546,657.0,180.0,0.9460279575689037
547,661.5,180.0,0.9442214239477017
548,666.0,180.0,0.9423929726024229
549,670.5,180.0,0.9406495894516322
550,675.0,180.0,0.939079181810708
551,679.5,180.0,0.9373860611053715
552,684.0,180.0,0.9354546165397489
553,688.5,180.0,0.9333105866072082
554,693.0,180.0,0.9309797098011181
555,697.5,180.0,0.9284927492921691
556,702.0,180.0,0.9259229497950595
557,706.5,180.0,0.9233721860271302
558,711.0,180.0,0.9209435481361116
559,715.5,180.0,0.9187051157933243
560,720.0,180.0,0.9161623752296573
561,724.5,180.0,0.9132313961088514
562,729.0,180.0,0.9100516738483904
563,733.5,180.0,0.9067636595230826
564,738.0,180.0,0.903460943088618
565,742.5,180.0,0.9000986585772603
566,747.0,180.0,0.8966177565408663
567,751.5,180.0,0.8929420798125581
568,756.0,180.0,0.8886799479078757
569,760.5,180.0,0.8840860662236906
570,765.0,180.0,0.8796892363340896
571,769.5,180.0,0.875807976535433
572,774.0,180.0,0.8714493892015928
573,778.5,180.0,0.8663960631432029
574,783.0,180.0,0.860637369419499
575,787.5,180.0,0.8542451229681205
576,792.0,180.0,0.8476778927960742
577,796.5,180.0,0.8415382407591261
578,801.0,180.0,0.8361637430215831
579,805.5,180.0,0.8299837047990121
580,810.0,180.0,0.822982202964407
581,814.5,180.0,0.8155818776630738
582,819.0,180.0,0.807602186424753
583,823.5,180.0,0.798868112841943
584,828.0,180.0,0.7895223573410491
585,832.5,180.0,0.7797343862464007
586,837.0,180.0,0.7696850748180946
587,841.5,180.0,0.7595814949045433
588,846.0,180.0,0.7490570161476291
619,846.4025755821133,2.9753489687103802,0.7913857021031083
620,846.4025755821133,177.0246510312896,0.7913857021031083
621,841.1771289093325,3.2935488297734064,0.8038161712709402
622,841.1771289093325,176.7064511702266,0.8038161712709402
623,835.9779504180437,3.6157166770988685,0.8175751098321794
624,835.9779504180437,176.38428332290113,0.8175751098321794
625,830.805533266992,3.941906440968024,0.8300471559839725
626,830.805533266992,176.058093559032,0.8300471559839725
627,825.6603804021613,4.272172363572492,0.8424955865559687
628,825.6603804021613,175.72782763642752,0.8424955865559687
629,820.543004699647,4.6065689675580765,0.8546334299124189
630,820.543004699647,175.39343103244192,0.8546334299124189
631,815.4539291058084,4.945151022141795,0.8634330922737249
632,815.4539291058084,175.0548489778582,0.8634330922737249
633,810.3936867742548,5.287973506688456,0.8736763468832355
634,810.3936867742548,174.71202649331155,0.8736763468832355
635,805.3628211991971,5.6350915716331045,0.8811837896111324
636,805.3628211991971,174.3649084283669,0.8811837896111324
637,800.3618863446607,5.986560496633354,0.8868217759529342
638,800.3618863446607,174.01343950336664,0.8868217759529342
639,795.3914467690292,6.342435645834276,0.8919637867469685
640,795.3914467690292,173.65756435416571,0.8919637867469685
641,790.4520777443553,6.702772420125596,0.898286854365723
642,790.4520777443553,173.2972275798744,0.898286854365723
643,785.5443653698368,7.06762620627359,0.9045064411944712
644,785.5443653698368,172.9323737937264,0.9045064411944712
645,780.6689066788324,7.437052322806108,0.9110886533988626
646,780.6689066788324,172.5629476771939,0.9110886533988626
647,775.8263097387455,7.81110596253144,0.9168947443491957
648,775.8263097387455,172.18889403746857,0.9168947443491957
649,771.0171937430767,8.189842131571698,0.9210087633868179
650,771.0171937430767,171.8101578684283,0.9210087633868179
651,766.2421890949041,8.573315584793544,0.925429296294344
652,766.2421890949041,171.42668441520647,0.925429296294344
653,761.5019374810184,8.96158075751973,0.9282653064861642
654,761.5019374810184,171.03841924248027,0.9282653064861642
655,756.7970919358979,9.354691693409073,0.9321645472356354
656,756.7970919358979,170.64530830659092,0.9321645472356354
657,752.1283168946715,9.752701968395472,0.9359597407929947
658,752.1283168946715,170.24729803160452,0.9359597407929947
659,747.4962882341848,10.15566461058178,0.9388304782438625
660,747.4962882341848,169.84433538941823,0.9388304782438625
661,742.9016933012389,10.563632015988604,0.9413390118824113
662,742.9016933012389,169.43636798401138,0.9413390118824113
663,738.3452309270409,10.976655860066826,0.9443650912961152
664,738.3452309270409,169.0233441399332,0.9443650912961152
665,733.8276114268632,11.394787004888185,0.9471771546740037
666,733.8276114268632,168.60521299511183,0.9471771546740037
667,729.3495565838768,11.818075401939426,0.9501033081684033
668,729.3495565838768,168.18192459806056,0.9501033081684033
669,724.9117996160862,12.246569990454459,0.952495585955686
670,724.9117996160862,167.75343000954555,0.952495585955686
671,720.5150851252599,12.680318591231618,0.9548130337959229
672,720.5150851252599,167.3196814087684,0.9548130337959229
673,716.1601690267204,13.119367795895533,0.9570175309207286
674,716.1601690267204,166.88063220410447,0.9570175309207286
675,711.8478184588287,13.563762851580131,0.9588681580942426
676,711.8478184588287,166.43623714841988,0.9588681580942426
677,707.5788116709678,14.01354754102254,0.9603749128021739
678,707.5788116709678,165.98645245897745,0.9603749128021739
679,703.3539378888107,14.468764058079643,0.9618919373665233
680,703.3539378888107,165.53123594192036,0.9618919373665233
681,699.1739971556347,14.929452878696281,0.9635336680761896
682,699.1739971556347,165.07054712130372,0.9635336680761896
683,695.0398001484309,15.395652627378096,0.9653727656758516
684,695.0398001484309,164.6043473726219,0.9653727656758516
685,690.9521679675422,15.867399939244242,0.9671637587976253
686,690.9521679675422,164.13260006075575,0.9671637587976253
687,686.9119318985623,16.344729317763107,0.9687314867279522
688,686.9119318985623,163.6552706822369,0.9687314867279522
689,682.919933145223,16.82767298829993,0.9701697869041566
690,682.919933145223,163.17232701170008,0.9701697869041566
691,678.977022532007,17.31626074763701,0.9715094981146375
692,678.977022532007,162.68373925236298,0.9715094981146375
693,675.0840601752317,17.810519809657187,0.9727769598412409
694,675.0840601752317,162.1894801903428,0.9727769598412409
695,671.2419151213775,18.310474647417358,0.9740077030515591
696,671.2419151213775,161.68952535258265,0.9740077030515591
697,667.4514649514568,18.816146831872338,0.9752459272771005
698,667.4514649514568,161.18385316812765,0.9752459272771005
699,663.7135953502609,19.327554867548795,0.9764831206994723
700,663.7135953502609,160.6724451324512,0.9764831206994723
701,660.0291996393694,19.844714025506594,0.9777044521367821
702,660.0291996393694,160.1552859744934,0.9777044521367821
703,656.3991782728675,20.36763617396794,0.9788957398526633
704,656.3991782728675,159.63236382603205,0.9788957398526633
705,652.8244382947818,20.896329607035092,0.9800535991809258
706,652.8244382947818,159.10367039296491,0.9800535991809258
707,649.3058927573287,21.43079887196213,0.9811830275207273
708,649.3058927573287,158.56920112803786,0.9811830275207273
709,645.8444600991625,21.97104459549095,0.9822736913706669
710,645.8444600991625,158.02895540450905,0.9822736913706669
711,642.4410634829145,22.517063309806122,0.9832835855686354
712,642.4410634829145,157.48293669019387,0.9832835855686354
713,639.0966300914364,23.0688472787103,0.9841502608498334
714,639.0966300914364,156.9311527212897,0.9841502608498334
715,635.8120903822883,23.62638432466641,0.9850034025178946
716,635.8120903822883,156.37361567533358,0.9850034025178946
717,632.5883773001623,24.189657657398833,0.9858500758648396
718,632.5883773001623,155.81034234260116,0.9858500758648396
719,629.4264254470909,24.75864570479104,0.9866984657264526
720,629.4264254470909,155.24135429520896,0.9866984657264526
721,626.3271702104618,25.33332194685906,0.9875451108185767
722,626.3271702104618,154.66667805314094,0.9875451108185767
723,623.2915468490487,25.913654753623366,0.9883709832710934
724,623.2915468490487,154.08634524637662,0.9883709832710934
725,620.3204895374708,26.499607227739475,0.9891736863335421
726,620.3204895374708,153.5003927722605,0.9891736863335421
727,617.4149303697052,27.09113705278569,0.9899436491368725
728,617.4149303697052,152.90886294721432,0.9899436491368725
729,614.5757983225021,27.68819634813676,0.9906886951152661
730,614.5757983225021,152.31180365186324,0.9906886951152661
731,611.8040181797978,28.290731531383337,0.9914122149286438
732,611.8040181797978,151.70926846861667,0.9914122149286438
733,609.1005094194588,28.89868318927892,0.9921151441188485
734,609.1005094194588,151.10131681072107,0.9921151441188485
735,606.4661850639612,29.511985958215572,0.9927981058432399
736,606.4661850639612,150.48801404178442,0.9927981058432399
737,603.9019504968652,30.130568415240635,0.9934595503412365
738,603.9019504968652,149.86943158475935,0.9934595503412365
739,601.4087022472273,30.754352980633005,0.9940991683611325
740,601.4087022472273,149.245647019367,0.9940991683611325
741,598.9873267443666,31.383255833055166,0.9947201824324029
742,598.9873267443666,148.61674416694484,0.9947201824324029
743,596.6386990456818,32.0171868382867,0.9953176296568746
744,596.6386990456818,147.9828131617133,0.9953176296568746
745,594.3636815405004,32.65604949252663,0.995888361121133
746,594.3636815405004,147.34395050747338,0.995888361121133
747,592.1631226332179,33.29974088122503,0.9964346141079383
748,592.1631226332179,146.70025911877497,0.9964346141079383
749,590.037855409263,33.948151654366114,0.9969628238976854
750,590.037855409263,146.05184834563389,0.9969628238976854
751,587.9886962876869,34.601166019079095,0.9974923176550621
752,587.9886962876869,145.3988339809209,0.9974923176550621
753,586.01644366444,35.25866175039622,0.998000775154951
754,586.01644366444,144.74133824960379,0.998000775154951
755,584.1218765506343,35.92051022091062,0.9984910964827829
756,584.1218765506343,144.07948977908939,0.9984910964827829
757,582.3057532103247,36.586576450009616,0.9989737795695084
758,582.3057532103247,143.4134235499904,0.9989737795695084
759,580.5688098025465,37.25671917327269,0.9994510215139507
760,580.5688098025465,142.7432808267273,0.9994510215139507
761,578.9117590325314,37.930790932526826,0.9999145046173572
762,578.9117590325314,142.06920906747317,0.9999145046173572
763,577.3352888171888,38.608638186946465,1.0003696636910386
764,577.3352888171888,141.39136181305355,1.0003696636910386
765,575.8400609700635,39.29010144547123,1.0008232966235935
766,575.8400609700635,140.70989855452876,1.0008232966235935
767,574.4267099110892,39.97501542069266,1.0012731272792081
768,574.4267099110892,140.02498457930733,1.0012731272792081
769,573.0958414065167,40.66320920423224,1.00171622980006
770,573.0958414065167,139.33679079576777,1.00171622980006
771,571.8480313444305,41.35450646349825,1.0021533448489275
772,571.8480313444305,138.64549353650176,1.0021533448489275
773,570.6838245512578,42.048725659569214,1.0025736521615858
774,570.6838245512578,137.95127434043079,1.0025736521615858
775,569.6037336546287,42.7456802858091,1.0029887749953923
776,569.6037336546287,137.2543197141909,1.0029887749953923
777,568.6082379978578,43.44517912667393,1.0033971906646872
778,568.6082379978578,136.55482087332607,1.0033971906646872
779,567.697782611185,44.147026536024065,1.003800514054121
780,567.697782611185,135.85297346397593,1.003800514054121
781,566.8727772447505,44.85102273411227,1.0042009197443347
782,566.8727772447505,135.14897726588774,1.0042009197443347
783,566.1335954680569,45.55696412227518,1.0046062226910681
784,566.1335954680569,134.4430358777248,1.0046062226910681
785,565.480573840424,46.26464361421899,1.0050331463962727
786,565.480573840424,133.73535638578102,1.0050331463962727
787,564.9140111566478,46.973850982658504,1.0054598614433656
788,564.9140111566478,133.02614901734148,1.0054598614433656
789,564.4341677717464,47.684373219944945,1.0058936085738845
790,564.4341677717464,132.31562678005506,1.0058936085738845
791,564.0412650083034,48.395994911203125,1.0063301779342813
792,564.0412650083034,131.60400508879687,1.0063301779342813
793,563.7354846495324,49.1084986183955,1.0067526853011617
794,563.7354846495324,130.89150138160448,1.0067526853011617
795,563.5169685207462,49.8216652736378,1.0071370220158495
796,563.5169685207462,130.1783347263622,1.0071370220158495
797,563.3858181614734,50.535274580013414,1.0074837037054643
798,563.3858181614734,129.4647254199866,1.0074837037054643
799,563.3420945899804,51.249105418068815,1.0078154960081567
800,563.3420945899804,128.7508945819312,1.0078154960081567
801,563.3858181614735,51.96293625612422,1.0081588682218587
802,563.3858181614735,128.03706374387576,1.0081588682218587
803,563.5169685207462,52.67654556249981,1.0084840563771937
804,563.5169685207462,127.32345443750019,1.0084840563771937
805,563.7354846495324,53.38971221774212,1.008807328796235
806,563.7354846495324,126.61028778225787,1.008807328796235
807,564.0412650083035,54.1022159249345,1.0091299062409547
808,564.0412650083035,125.8977840750655,1.0091299062409547
809,564.4341677717464,54.81383761619268,1.009466101146095
810,564.4341677717464,125.18616238380733,1.009466101146095
811,564.9140111566478,55.52435985347911,1.0098104035237525
812,564.9140111566478,124.47564014652089,1.0098104035237525
813,565.4805738404239,56.23356722191865,1.0101448988209365
814,565.4805738404239,123.76643277808135,1.0101448988209365
815,566.1335954680569,56.94124671386246,1.0104761344455435
816,566.1335954680569,123.05875328613755,1.0104761344455435
817,566.8727772447505,57.647188102025346,1.0107832750940693
818,566.8727772447505,122.35281189797465,1.0107832750940693
819,567.6977826111851,58.35118430011358,1.0110813197182926
820,567.6977826111851,121.64881569988643,1.0110813197182926
821,568.6082379978578,59.05303170946371,1.0113847866458812
822,568.6082379978578,120.94696829053629,1.0113847866458812
823,569.6037336546289,59.75253055032853,1.0117177447376822
824,569.6037336546289,120.24746944967147,1.0117177447376822
825,570.6838245512578,60.44948517656843,1.0120389008048847
826,570.6838245512578,119.55051482343157,1.0120389008048847
827,571.8480313444305,61.1437043726394,1.012407370350527
828,571.8480313444305,118.8562956273606,1.012407370350527
829,573.0958414065168,61.83500163190539,1.0127884310070046
830,573.0958414065168,118.16499836809461,1.0127884310070046
831,574.4267099110892,62.523195415444974,1.0131633848190162
832,574.4267099110892,117.47680458455503,1.0131633848190162
833,575.8400609700635,63.208109390666415,1.0135169913870454
834,575.8400609700635,116.79189060933359,1.0135169913870454
835,577.3352888171888,63.88957264919116,1.0138384050375726
836,577.3352888171888,116.11042735080883,1.0138384050375726
837,578.9117590325316,64.5674199036108,1.0141354447045585
838,578.9117590325316,115.4325800963892,1.0141354447045585
839,580.5688098025465,65.24149166286495,1.0144253405075585
840,580.5688098025465,114.75850833713505,1.0144253405075585
841,582.3057532103247,65.91163438612801,1.0147577773970513
842,582.3057532103247,114.08836561387199,1.0147577773970513
843,584.1218765506343,66.577700615227,1.015121314650727
844,584.1218765506343,113.422299384773,1.015121314650727
845,586.0164436644401,67.2395490857414,1.015409073717526
846,586.0164436644401,112.7604509142586,1.015409073717526
847,587.988696287687,67.89704481705854,1.015716539249501
848,587.988696287687,112.10295518294146,1.015716539249501
849,590.037855409263,68.5500591817715,1.0160512934452415
850,590.037855409263,111.4499408182285,1.0160512934452415
851,592.163122633218,69.1984699549126,1.0163818246639627
852,592.163122633218,110.8015300450874,1.0163818246639627
853,594.3636815405004,69.84216134361101,1.0167100686007968
854,594.3636815405004,110.15783865638899,1.0167100686007968
855,596.6386990456818,70.48102399785094,1.0170586629823402
856,596.6386990456818,109.51897600214906,1.0170586629823402
857,598.9873267443666,71.11495500308246,1.017404048088835
858,598.9873267443666,108.88504499691754,1.017404048088835
859,601.4087022472272,71.74385785550464,1.0177330115633794
860,601.4087022472272,108.25614214449536,1.0177330115633794
861,603.9019504968652,72.367642420897,1.0180354827917957
862,603.9019504968652,107.632357579103,1.0180354827917957
863,606.4661850639613,72.98622487792204,1.0183056241259276
864,606.4661850639613,107.01377512207796,1.0183056241259276
865,609.1005094194588,73.5995276468587,1.0185520014458038
866,609.1005094194588,106.4004723531413,1.0185520014458038
867,611.8040181797977,74.20747930475432,1.0187922935235254
868,611.8040181797977,105.79252069524568,1.0187922935235254
869,614.575798322502,74.81001448800086,1.019070767129729
870,614.575798322502,105.18998551199914,1.019070767129729
871,617.4149303697051,75.40707378335195,1.0193622085845375
872,617.4149303697051,104.59292621664805,1.0193622085845375
873,620.320489537471,75.99860360839816,1.0196496228645269
874,620.320489537471,104.00139639160184,1.0196496228645269
875,623.2915468490487,76.5845560825143,1.0199290337040676
876,623.2915468490487,103.4154439174857,1.0199290337040676
877,626.3271702104618,77.16488888927856,1.020217664444902
878,626.3271702104618,102.83511111072144,1.020217664444902
879,629.4264254470909,77.7395651313466,1.0205235852880226
880,629.4264254470909,102.2604348686534,1.0205235852880226
881,632.5883773001622,78.30855317873879,1.020865709168257
882,632.5883773001622,101.69144682126121,1.020865709168257
883,635.8120903822881,78.87182651147123,1.0212170278625254
884,635.8120903822881,101.12817348852877,1.0212170278625254
885,639.0966300914364,79.42936355742732,1.0215617114143838
886,639.0966300914364,100.57063644257268,1.0215617114143838
887,642.4410634829145,79.98114752633151,1.0219147047941717
888,642.4410634829145,100.01885247366849,1.0219147047941717
889,645.8444600991625,80.5271662406467,1.0222646891065903
890,645.8444600991625,99.4728337593533,1.0222646891065903
891,649.3058927573287,81.06741196417549,1.022599822637544
892,649.3058927573287,98.93258803582451,1.022599822637544
893,652.8244382947818,81.60188122910255,1.0229094670703391
894,652.8244382947818,98.39811877089745,1.0229094670703391
895,656.3991782728674,82.13057466216969,1.0231979810468184
896,656.3991782728674,97.86942533783031,1.0231979810468184
897,660.0291996393693,82.65349681063104,1.0234676110260774
898,660.0291996393693,97.34650318936896,1.0234676110260774
899,663.7135953502608,83.17065596858883,1.0237643072494695
900,663.7135953502608,96.82934403141117,1.0237643072494695
901,667.4514649514568,83.68206400426529,1.0241362096278888
902,667.4514649514568,96.31793599573471,1.0241362096278888
903,671.2419151213776,84.1877361887203,1.0244550813856859
904,671.2419151213776,95.8122638112797,1.0244550813856859
905,675.0840601752317,84.68769102648046,1.0246568002915555
906,675.0840601752317,95.31230897351954,1.0246568002915555
907,678.977022532007,85.18195008850063,1.0247839766418416
908,678.977022532007,94.81804991149937,1.0247839766418416
909,682.9199331452231,85.67053784783768,1.0249548048544581
910,682.9199331452231,94.32946215216232,1.0249548048544581
911,686.9119318985622,86.15348151837456,1.0253735206233774
912,686.9119318985622,93.84651848162544,1.0253735206233774
913,690.9521679675421,86.6308108968934,1.025872924997218
914,690.9521679675421,93.3691891031066,1.025872924997218
915,695.0398001484308,87.10255820875955,1.0262972674073714
916,695.0398001484308,92.89744179124045,1.0262972674073714
917,699.1739971556348,87.56875795744132,1.0266335847181198
918,699.1739971556348,92.43124204255868,1.0266335847181198
919,703.3539378888107,88.029446778058,1.0269467124035878
920,703.3539378888107,91.970553221942,1.0269467124035878
921,707.5788116709679,88.48466329511508,1.0272529867604212
922,707.5788116709679,91.51533670488492,1.0272529867604212
923,711.8478184588287,88.93444798455751,1.027578576827452
924,711.8478184588287,91.06555201544249,1.027578576827452
925,716.1601690267204,89.37884304024207,1.0279805223310994
926,716.1601690267204,90.62115695975793,1.0279805223310994
927,720.5150851252598,89.81789224490605,1.0283321987635912
928,720.5150851252598,90.18210775509395,1.0283321987635912
929,724.9117996160861,90.25164084568316,1.0285294938053868
930,724.9117996160861,89.74835915431684,1.0285294938053868
931,729.3495565838768,90.68013543419822,1.0286956171243766
932,729.3495565838768,89.31986456580178,1.0286956171243766
933,733.8276114268632,91.10342383124944,1.0290308075715777
934,733.8276114268632,88.89657616875056,1.0290308075715777
935,738.3452309270409,91.5215549760708,1.0293560373896091
936,738.3452309270409,88.4784450239292,1.0293560373896091
937,742.901693301239,91.93457882014899,1.0296981312062594
938,742.901693301239,88.06542117985101,1.0296981312062594
939,747.4962882341848,92.34254622555584,1.0300602493545816
940,747.4962882341848,87.65745377444416,1.0300602493545816
941,752.1283168946715,92.74550886774215,1.0304136530551622
942,752.1283168946715,87.25449113225785,1.0304136530551622
943,756.797091935898,93.14351914272856,1.0307563759721792
944,756.797091935898,86.85648085727144,1.0307563759721792
945,761.5019374810186,93.53663007861786,1.0311290141090121
946,761.5019374810186,86.46336992138214,1.0311290141090121
947,766.2421890949041,93.92489525134407,1.031440111453397
948,766.2421890949041,86.07510474865593,1.031440111453397
949,771.0171937430766,94.30836870456594,1.03186873612841
950,771.0171937430766,85.69163129543406,1.03186873612841
951,775.8263097387455,94.6871048736062,1.0324139993063592
952,775.8263097387455,85.3128951263938,1.0324139993063592
953,780.6689066788323,95.06115851333148,1.0329568494592247
954,780.6689066788323,84.93884148666852,1.0329568494592247
955,785.5443653698368,95.43058462986404,1.0334020829039052
956,785.5443653698368,84.56941537013596,1.0334020829039052
957,790.4520777443554,95.79543841601206,1.0335877320218092
958,790.4520777443554,84.20456158398794,1.0335877320218092
959,795.3914467690294,96.15577519030337,1.0336100530766275
960,795.3914467690294,83.84422480969663,1.0336100530766275
961,800.3618863446607,96.51165033950427,1.0339124220884022
962,800.3618863446607,83.48834966049573,1.0339124220884022
963,805.3628211991971,96.86311926450459,1.0345071103387684
964,805.3628211991971,83.13688073549541,1.0345071103387684
965,810.3936867742547,97.21023732944923,1.0350241565114313
966,810.3936867742547,82.78976267055077,1.0350241565114313
967,815.4539291058082,97.55305981399587,1.0353991929554467
968,815.4539291058082,82.44694018600413,1.0353991929554467
969,820.5430046996469,97.8916418685796,1.0358768213979097
970,820.5430046996469,82.1083581314204,1.0358768213979097
971,825.6603804021613,98.22603847256515,1.0363853386578343
972,825.6603804021613,81.77396152743485,1.0363853386578343
973,830.8055332669921,98.55630439516955,1.0368493569029729
974,830.8055332669921,81.44369560483045,1.0368493569029729
975,835.9779504180437,98.88249415903874,1.0372128084827503
976,835.9779504180437,81.11750584096126,1.0372128084827503
977,841.1771289093325,99.20466200636422,1.0376313982929732
978,841.1771289093325,80.79533799363578,1.0376313982929732
979,846.4025755821132,99.52286186742724,1.0381849963989673
980,846.4025755821132,80.47713813257276,1.0381849963989673
1017,848.8062033676667,105.43411161328231,1.0396203909695803
1018,848.8062033676667,74.56588838671769,1.0396203909695803
1019,843.8231379451454,105.74700672612325,1.039119882659788
1020,843.8231379451454,74.25299327387675,1.039119882659788
1021,838.8666434054991,106.06358795402892,1.0383967133122618
1022,838.8666434054991,73.93641204597108,1.0383967133122618
1023,833.9371935199213,106.38389975090173,1.037535099987713
1024,833.9371935199213,73.61610024909827,1.037535099987713
1025,829.0352707116954,106.70798661594107,1.0368292322478891
1026,829.0352707116954,73.29201338405893,1.0368292322478891
1027,824.1613661551985,107.03589305779022,1.0362742560039486
1028,824.1613661551985,72.96410694220978,1.0362742560039486
1029,819.3159798711664,107.36766355643435,1.0357943969505434
1030,819.3159798711664,72.63233644356565,1.0357943969505434
1031,814.4996208178082,107.70334252276197,1.035298226286864
1032,814.4996208178082,72.29665747723803,1.035298226286864
1033,809.7128069773348,108.04297425570175,1.0346774408015236
1034,809.7128069773348,71.95702574429825,1.0346774408015236
1035,804.9560654374457,108.38660289684634,1.033929086268888
1036,804.9560654374457,71.61339710315366,1.033929086268888
1037,800.2299324672938,108.7342723824742,1.033134971632549
1038,800.2299324672938,71.2657276175258,1.033134971632549
1039,795.5349535874229,109.08602639288091,1.032444615531182
1040,795.5349535874229,70.91397360711909,1.032444615531182
1041,790.8716836331505,109.44190829893209,1.0318469973366071
1042,790.8716836331505,70.55809170106791,1.0318469973366071
1043,786.2406868108407,109.80196110575083,1.0312988999409878
1044,786.2406868108407,70.19803889424917,1.0312988999409878
1045,781.6425367464902,110.16622739345402,1.0307126254558012
1046,781.6425367464902,69.83377260654598,1.0307126254558012
1047,777.0778165260232,110.53474925485385,1.0301578254159902
1048,777.0778165260232,69.46525074514615,1.0301578254159902
1049,772.5471187266654,110.9075682300434,1.0295613729062907
1050,772.5471187266654,69.0924317699566,1.0295613729062907
1051,768.0510454387461,111.28472523778764,1.02890623087382
1052,768.0510454387461,68.71527476221236,1.02890623087382
1053,763.590208277245,111.66626050364572,1.028236726891152
1054,763.590208277245,68.33373949635428,1.028236726891152
1055,759.1652283823854,112.05221348475375,1.02762214478489
1056,759.1652283823854,67.94778651524625,1.02762214478489
1057,754.7767364085422,112.44262279120271,1.0270695187620809
1058,754.7767364085422,67.55737720879729,1.0270695187620809
1059,750.4253725007158,112.83752610395216,1.0265036908426772
1060,750.4253725007158,67.16247389604784,1.0265036908426772
1061,746.1117862577989,113.2369600892262,1.0259695331942151
1062,746.1117862577989,66.7630399107738,1.0259695331942151
1063,741.8366366818414,113.64096030934611,1.02551781132402
1064,741.8366366818414,66.35903969065389,1.02551781132402
1065,737.6005921124972,114.04956112996193,1.0250281798612393
1066,737.6005921124972,65.95043887003807,1.0250281798612393
1067,733.4043301458237,114.46279562365487,1.0244894223813266
1068,733.4043301458237,65.53720437634513,1.0244894223813266
1069,729.2485375365792,114.8806954698921,1.0238596095264232
1070,729.2485375365792,65.1193045301079,1.0238596095264232
1071,725.1339100831599,115.30329085132661,1.02317178520625
1072,725.1339100831599,64.69670914867339,1.02317178520625
1073,721.0611524942958,115.73061034644728,1.0226261791160378
1074,721.0611524942958,64.26938965355272,1.0226261791160378
1075,717.0309782366238,116.16268081859722,1.0221606881941994
1076,717.0309782366238,63.837319181402776,1.0221606881941994
1077,713.0441093622431,116.5995273013926,1.0217643177897053
1078,713.0441093622431,63.4004726986074,1.0217643177897053
1079,709.1012763153632,117.04117288058974,1.0213985541928847
1080,709.1012763153632,62.95882711941026,1.0213985541928847
1081,705.2032177171462,117.48763857246416,1.0210516697219674
1082,705.2032177171462,62.512361427535836,1.0210516697219674
1083,701.3506801278616,117.93894319878333,1.0207047322566214
1084,701.3506801278616,62.061056801216665,1.0207047322566214
1085,697.5444177854688,118.39510325847262,1.0203390244197759
1086,697.5444177854688,61.604896741527384,1.0203390244197759
1087,693.7851923197703,118.85613279609385,1.0199392435775831
1088,693.7851923197703,61.143867203906154,1.0199392435775831
1089,690.0737724412878,119.3220432672763,1.0194913109756993
1090,690.0737724412878,60.6779567327237,1.0194913109756993
1091,686.4109336040456,119.79284340126064,1.0189116660638937
1092,686.4109336040456,60.20715659873936,1.0189116660638937
1093,682.7974576414749,120.26853906073977,1.0183295335964424
1094,682.7974576414749,59.73146093926023,1.0183295335964424
1095,679.2341323746944,120.74913309920142,1.0177771458648772
1096,679.2341323746944,59.250866900798584,1.0177771458648772
1097,675.7217511924587,121.23462521600277,1.0172565112359788
1098,675.7217511924587,58.76537478399723,1.0172565112359788
1099,672.2611126021344,121.7250118094295,1.0167841006883114
1100,672.2611126021344,58.2749881905705,1.0167841006883114
1101,668.8530197511064,122.2202858280174,1.0163414609707462
1102,668.8530197511064,57.779714171982604,1.0163414609707462
1103,665.4982799180968,122.72043662043713,1.0159084252456771
1104,665.4982799180968,57.27956337956287,1.0159084252456771
1105,662.1977039739527,123.22544978426879,1.0154569352674327
1106,662.1977039739527,56.77455021573121,1.0154569352674327
1107,658.9521058115387,123.73530701401491,1.0149700067349674
1108,658.9521058115387,56.26469298598509,1.0149700067349674
1109,655.7623017444699,124.24998594872497,1.0144758276632295
1110,655.7623017444699,55.75001405127503,1.0144758276632295
1111,652.6291098745187,124.76946001962607,1.013997089064074
1112,652.6291098745187,55.23053998037393,1.013997089064074
1113,649.5533494276397,125.29369829817537,1.0135417904997452
1114,649.5533494276397,54.70630170182463,1.0135417904997452
1115,646.535840058679,125.8226653449699,1.0130982662180779
1116,646.535840058679,54.177334655030094,1.0130982662180779
1117,643.5774011249582,126.35632105996585,1.0126788808264138
1118,643.5774011249582,53.64367894003415,1.0126788808264138
1119,640.6788509290645,126.89462053447531,1.0122701451665472
1120,640.6788509290645,53.10537946552469,1.0122701451665472
1121,637.8410059313176,127.43751390542076,1.0118398577768184
1122,637.8410059313176,52.56248609457924,1.0118398577768184
1123,635.0646799325414,127.9849462123357,1.0113953626292633
1124,635.0646799325414,52.0150537876643,1.0113953626292633
1125,632.3506832279259,128.5368572576065,1.0109406230698146
1126,632.3506832279259,51.4631427423935,1.0109406230698146
1127,629.6998217329312,129.09318147045076,1.0104718393385006
1128,629.6998217329312,50.90681852954924,1.0104718393385006
1129,627.1128960823592,129.65384777512443,1.009985852900653
1130,627.1128960823592,50.34615222487557,1.009985852900653
1131,624.5907007038927,130.21877946384114,1.009498098948877
1132,624.5907007038927,49.781220536158855,1.009498098948877
1133,622.1340228675915,130.78789407487253,1.0090189553175133
1134,622.1340228675915,49.212105925127474,1.0090189553175133
1135,619.7436417130098,131.3611032762784,1.008551918905251
1136,619.7436417130098,48.63889672372159,1.008551918905251
1137,617.420327255794,131.93831275568715,1.008088620696757
1138,617.420327255794,48.06168724431285,1.008088620696757
1139,615.1648393758027,132.51942211651277,1.007627811502111
1140,615.1648393758027,47.48057788348723,1.007627811502111
1141,612.9779267889833,133.10432478095262,1.0071739987475765
1142,612.9779267889833,46.89567521904738,1.0071739987475765
1143,610.8603260054139,133.6929079000579,1.006728236732346
1144,610.8603260054139,46.30709209994211,1.006728236732346
1145,608.8127602761118,134.28505227111106,1.0062851662164927
1146,608.8127602761118,45.714947728888944,1.0062851662164927
1147,606.8359385313742,134.88063226247428,1.005827710419039
1148,606.8359385313742,45.11936773752572,1.005827710419039
1149,604.9305543135893,135.47951574599517,1.0053835305000831
1150,604.9305543135893,44.52048425400483,1.0053835305000831
1151,603.0972847076139,136.0815640369673,1.0049425359835187
1152,603.0972847076139,43.91843596303269,1.0049425359835187
1153,601.3367892719555,136.68663184154425,1.0044861470111093
1154,601.3367892719555,43.313368158455745,1.0044861470111093
1155,599.6497089741388,137.29456721139672,1.0040169714260045
1156,599.6497089741388,42.705432788603275,1.0040169714260045
1157,598.0366651337456,137.90521150528065,1.003535430452028
1158,598.0366651337456,42.09478849471935,1.003535430452028
1159,596.4982583767297,138.51839935705317,1.003041245858259
1160,596.4982583767297,41.48160064294683,1.003041245858259
1161,595.0350676046826,139.13395864953006,1.0025295965312004
1162,595.0350676046826,40.86604135046994,1.0025295965312004
1163,593.6476489827985,139.7517104934212,1.0019985883858318
1164,593.6476489827985,40.2482895065788,1.0019985883858318
1165,592.3365349503239,140.3714692104173,1.0014547473597066
1166,592.3365349503239,39.6285307895827,1.0014547473597066
1167,591.1022332572986,140.99304231931742,1.0009147522868553
1168,591.1022332572986,39.006957680682575,1.0009147522868553
1169,589.9452260313944,141.61623052390001,1.000404219068485
1170,589.9452260313944,38.383769476099985,1.000404219068485
1171,588.8659688786215,142.24082770103433,0.9999181243185347
1172,588.8659688786215,37.759172298965666,0.9999181243185347
1173,587.8648900216269,142.86662088731384,0.9994239140158132
1174,587.8648900216269,37.13337911268616,0.9994239140158132
1175,586.9423894792222,143.49339026226636,0.9989125369534542
1176,586.9423894792222,36.50660973773364,0.9989125369534542
1177,586.0988382906726,144.12090912595454,0.998385268761795
1178,586.0988382906726,35.87909087404546,0.998385268761795
1179,585.3345777881486,144.74894386852765,0.9978459479624449
1180,585.3345777881486,35.25105613147235,0.9978459479624449
1181,584.6499189205811,145.377253929022,0.9973004915924862
1182,584.6499189205811,34.622746070977996,0.9973004915924862
1183,584.0451416319728,146.00559174042948,0.9967524620503224
1184,584.0451416319728,33.99440825957052,0.9967524620503224
1185,583.5204942970194,146.63370265776578,0.9962050138204726
1186,583.5204942970194,33.36629734223422,0.9962050138204726
1187,583.0761932166515,147.26132486557108,0.9956700699901087
1188,583.0761932166515,32.73867513442892,0.9956700699901087
1189,582.712422175865,147.8881892609652,0.9951316217145745
1190,582.712422175865,32.11181073903481,0.9951316217145745
1191,582.4293320659275,148.5140193080616,0.994553181541004
1192,582.4293320659275,31.48598069193841,0.994553181541004
1193,582.2270405727639,149.13853085921994,0.9939470648137232
1194,582.2270405727639,30.86146914078006,0.9939470648137232
1195,582.1056319330132,149.7614319382867,0.9933351576865757
1196,582.1056319330132,30.238568061713295,0.9933351576865757
1197,582.0651567589354,150.38242248064643,0.9927275275004515
1198,582.0651567589354,29.617577519353574,0.9927275275004515
1199,582.1056319330132,151.00119402458287,0.9921087271346417
1200,582.1056319330132,28.998805975417127,0.9921087271346417
1201,582.2270405727639,151.61742934814214,0.9914812973189377
1202,582.2270405727639,28.38257065185786,0.9914812973189377
1203,582.4293320659275,152.23080204540832,0.9908480523777111
1204,582.4293320659275,27.769197954591675,0.9908480523777111
1205,582.712422175865,152.8409760358594,0.9902100743243043
1206,582.712422175865,27.1590239641406,0.9902100743243043
1207,583.0761932166515,153.4476050002919,0.989566532584589
1208,583.0761932166515,26.5523949997081,0.989566532584589
1209,583.5204942970194,154.05033173670762,0.9889163644360575
1210,583.5204942970194,25.94966826329238,0.9889163644360575
1211,584.0451416319728,154.6487874295848,0.9882609345772128
1212,584.0451416319728,25.351212570415214,0.9882609345772128
1213,584.6499189205812,155.24259082615123,0.9876049069787668
1214,584.6499189205812,24.75740917384877,0.9876049069787668
1215,585.3345777881486,155.8313473136963,0.9869491917206328
1216,585.3345777881486,24.168652686303687,0.9869491917206328
1217,586.0988382906726,156.41464789268016,0.9862946370192852
1218,586.0988382906726,23.585352107319835,0.9862946370192852
1219,586.9423894792222,156.9920680415115,0.9856424046779642
1220,586.9423894792222,23.007931958488513,0.9856424046779642
1221,587.8648900216268,157.56316647049056,0.984993815253309
1222,587.8648900216268,22.436833529509443,0.984993815253309
1223,588.8659688786215,158.12748376469884,0.9843468569216826
1224,588.8659688786215,21.872516235301163,0.9843468569216826
1225,589.9452260313943,158.68454091873687,0.9836774440918813
1226,589.9452260313943,21.31545908126313,0.9836774440918813
1227,591.1022332572986,159.2338377703858,0.9829896014741741
1228,591.1022332572986,20.766162229614196,0.9829896014741741
1229,592.3365349503238,159.7748513457524,0.982295745286053
1230,592.3365349503238,20.22514865424759,0.982295745286053
1231,593.6476489827985,160.3070341355435,0.9816035930488681
1232,593.6476489827985,19.69296586445651,0.9816035930488681
1233,595.0350676046826,160.82981233114302,0.9809139741771861
1234,595.0350676046826,19.170187668856983,0.9809139741771861
1235,596.4982583767297,161.34258406048372,0.9802273982244503
1236,596.4982583767297,18.657415939516284,0.9802273982244503
1237,598.0366651337456,161.84471767768434,0.9795443742086705
1238,598.0366651337456,18.155282322315657,0.9795443742086705
1239,599.6497089741387,162.33555017738533,0.9788648130517709
1240,599.6497089741387,17.66444982261467,0.9788648130517709
1241,601.3367892719556,162.81438582490384,0.9781885561662761
1242,601.3367892719556,17.185614175096163,0.9781885561662761
1243,603.0972847076138,163.28049511679882,0.9775165970231623
1244,603.0972847076138,16.719504883201182,0.9775165970231623
1245,604.9305543135894,163.7331142129495,0.9768428499388581
1246,604.9305543135894,16.266885787050512,0.9768428499388581
1247,606.8359385313742,164.17144501010912,0.976167690851377
1248,606.8359385313742,15.828554989890876,0.976167690851377
1249,608.8127602761118,164.5946560567401,0.9754921230068795
1250,608.8127602761118,15.405343943259908,0.9754921230068795
1251,610.8603260054138,165.00188453751883,0.974815408854385
1252,610.8603260054138,14.998115462481167,0.974815408854385
1253,612.9779267889833,165.39223957986002,0.9741366010488335
1254,612.9779267889833,14.607760420139982,0.9741366010488335
1255,615.1648393758027,165.7648071494832,0.9734545062010261
1256,615.1648393758027,14.235192850516796,0.9734545062010261
1257,617.4203272557938,166.11865680141707,0.9727640902074374
1258,617.4203272557938,13.881343198582925,0.9727640902074374
1259,619.7436417130098,166.4528505297415,0.9720331347091179
1260,619.7436417130098,13.54714947025849,0.9720331347091179
1261,622.1340228675914,166.76645390604463,0.97124050661511
1262,622.1340228675914,13.233546093955368,0.97124050661511
1263,624.5907007038927,167.05854960577744,0.9704570356329346
1264,624.5907007038927,12.941450394222556,0.9704570356329346
1265,627.1128960823592,167.328253288352,0.9697192999960218
1266,627.1128960823592,12.671746711648012,0.9697192999960218
1267,629.6998217329312,167.57473162025855,0.9690295524854255
1268,629.6998217329312,12.425268379741453,0.9690295524854255
1269,632.3506832279257,167.7972220167717,0.9683175525441251
1270,632.3506832279257,12.202777983228287,0.9683175525441251
1271,635.0646799325411,167.99505344194438,0.9675996632842722
1272,635.0646799325411,12.004946558055622,0.9675996632842722
1273,637.8410059313175,168.16766737319705,0.9668975681591312
1274,637.8410059313175,11.832332626802952,0.9668975681591312
1275,640.6788509290645,168.314637838996,0.9661908629043775
1276,640.6788509290645,11.685362161004008,0.9661908629043775
1277,643.5774011249582,168.4356893132455,0.9654384842213473
1278,643.5774011249582,11.56431068675451,0.9654384842213473
1279,646.5358400586788,168.5307112329264,0.964729491439741
1280,646.5358400586788,11.469288767073607,0.964729491439741
1281,649.5533494276395,168.5997680199219,0.9640776966294314
1282,649.5533494276395,11.400231980078104,0.9640776966294314
1283,652.6291098745186,168.64310373850546,0.9634280914742888
1284,652.6291098745186,11.35689626149454,0.9634280914742888
1285,655.7623017444699,168.6611408874173,0.9627656370739666
1286,655.7623017444699,11.338859112582696,0.9627656370739666
1287,658.9521058115386,168.6544732675412,0.9621569333753038
1288,658.9521058115386,11.345526732458808,0.9621569333753038
1289,662.1977039739526,168.62385332453565,0.9616920380858696
1290,662.1977039739526,11.376146675464355,0.9616920380858696
1291,665.4982799180967,168.57017477766337,0.9612929306918947
1292,665.4982799180967,11.429825222336632,0.9612929306918947
1293,668.8530197511063,168.49445165762393,0.9609211858716724
1294,668.8530197511063,11.505548342376073,0.9609211858716724
1295,672.2611126021344,168.3977950531631,0.9605231724898966
1296,672.2611126021344,11.602204946836906,0.9605231724898966
1297,675.7217511924587,168.28138889923244,0.9600614107554988
1298,675.7217511924587,11.71861110076756,0.9600614107554988
1299,679.2341323746942,168.1464660429064,0.9596308619705719
1300,679.2341323746942,11.853533957093589,0.9596308619705719
1301,682.7974576414749,167.99428562891632,0.9593426645962955
1302,682.7974576414749,12.005714371083684,0.9593426645962955
1303,686.4109336040453,167.82611259471895,0.9591259528558242
1304,686.4109336040453,12.17388740528105,0.9591259528558242
1305,690.0737724412878,167.64319979520636,0.9589781071963058
1306,690.0737724412878,12.356800204793643,0.9589781071963058
1307,693.7851923197703,167.44677302222837,0.958886803799932
1308,693.7851923197703,12.55322697777163,0.958886803799932
1309,697.5444177854688,167.2380189664294,0.9588492370113119
1310,697.5444177854688,12.761981033570606,0.9588492370113119
1311,701.3506801278614,167.01807600004344,0.9588911614834852
1312,701.3506801278614,12.981923999956564,0.9588911614834852
1313,705.2032177171462,166.78802754165505,0.958964921370556
1314,705.2032177171462,13.211972458344945,0.958964921370556
1315,709.101276315363,166.5488976933494,0.9590471361057853
1316,709.101276315363,13.451102306650597,0.9590471361057853
1317,713.0441093622431,166.30164880922587,0.9589211407255603
1318,713.0441093622431,13.698351190774133,0.9589211407255603
1319,717.0309782366237,166.04718065257183,0.9588352734777646
1320,717.0309782366237,13.952819347428175,0.9588352734777646
1321,721.0611524942957,165.78633081793902,0.9588762613471122
1322,721.0611524942957,14.213669182060983,0.9588762613471122
1323,725.1339100831597,165.51987612599993,0.9591410799337899
1324,725.1339100831597,14.480123874000071,0.9591410799337899
1325,729.2485375365791,165.2485347370802,0.9595025777597325
1326,729.2485375365791,14.751465262919794,0.9595025777597325
1327,733.4043301458237,164.97296876904073,0.959894097901328
1328,733.4043301458237,15.027031230959267,0.959894097901328
1329,737.6005921124972,164.6937872436011,0.9603441832082101
1330,737.6005921124972,15.306212756398907,0.9603441832082101
1331,741.8366366818412,164.4115492203592,0.9608785914886758
1332,741.8366366818412,15.588450779640795,0.9608785914886758
1333,746.1117862577988,164.12676700869582,0.9614239039835234
1334,746.1117862577988,15.873232991304178,0.9614239039835234
1335,750.4253725007155,163.83990937413185,0.961854210669422
1336,750.4253725007155,16.16009062586815,0.961854210669422
1337,754.7767364085421,163.55140467763178,0.9623647437980628
1338,754.7767364085421,16.44859532236822,0.9623647437980628
1339,759.1652283823855,163.2616439041722,0.963260227864279
1340,759.1652283823855,16.73835609582781,0.963260227864279
1341,763.5902082772449,162.9709835510877,0.9642583941402649
1342,763.5902082772449,17.0290164489123,0.9642583941402649
1343,768.051045438746,162.6797483578045,0.9652690194373893
1344,768.051045438746,17.3202516421955,0.9652690194373893
1345,772.5471187266652,162.38823386706844,0.9664677602698197
1346,772.5471187266652,17.611766132931564,0.9664677602698197
1347,777.0778165260232,162.09670881415275,0.9677289707484256
1348,777.0778165260232,17.90329118584725,0.9677289707484256
1349,781.6425367464904,161.8054173452039,0.9686849325930608
1350,781.6425367464904,18.194582654796108,0.9686849325930608
1351,786.2406868108407,161.51458106920256,0.9692450280793198
1352,786.2406868108407,18.485418930797437,0.9692450280793198
1353,790.8716836331504,161.22440095028648,0.9704149501062714
1354,790.8716836331504,18.77559904971352,0.9704149501062714
1355,795.5349535874227,160.93505904864315,0.9720527328621897
1356,795.5349535874227,19.064940951356846,0.9720527328621897
1357,800.2299324672936,160.64672011902852,0.973834621425756
1358,800.2299324672936,19.353279880971485,0.973834621425756
1359,804.9560654374457,160.35953307636373,0.975730872900813
1360,804.9560654374457,19.640466923636268,0.975730872900813
1361,809.7128069773347,160.07363233792708,0.9775735563661675
1362,809.7128069773347,19.92636766207292,0.9775735563661675
1363,814.499620817808,159.78913905148815,0.9790055244961904
1364,814.499620817808,20.21086094851185,0.9790055244961904
1365,819.3159798711663,159.50616221839948,0.9802479756241795
1366,819.3159798711663,20.49383778160052,0.9802479756241795
1367,824.1613661551983,159.2247997202263,0.9818054421827735
1368,824.1613661551983,20.775200279773713,0.9818054421827735
1369,829.0352707116955,158.9451392569927,0.9832390318454611
1370,829.0352707116955,21.05486074300731,0.9832390318454611
1371,833.9371935199213,158.66725920459353,0.9844358534787726
1372,833.9371935199213,21.332740795406465,0.9844358534787726
1373,838.8666434054988,158.3912293983759,0.9865322152797772
1374,838.8666434054988,21.608770601624087,0.9865322152797772
1375,843.8231379451454,158.11711184936004,0.9894290218138603
1376,843.8231379451454,21.882888150639957,0.9894290218138603
1377,848.8062033676665,157.84496139904763,0.99172122104702
1378,848.8062033676665,22.155038600952366,0.99172122104702
1407,848.557530479453,154.4760755697945,0.9984010299943737
1408,848.557530479453,25.52392443020551,0.9984010299943737
1409,839.9994841792962,154.3397274374524,0.9971843769172435
1410,839.9994841792962,25.66027256254759,0.9971843769172435
1411,831.4462927790447,154.20057324311477,0.9963157241089297
1412,831.4462927790447,25.799426756885225,0.9963157241089297
1413,822.8981076639974,154.05852715599622,0.9953551806146284
1414,822.8981076639974,25.941472844003783,0.9953551806146284
1415,814.3550864852482,153.9134998827219,0.9946660798281715
1416,814.3550864852482,26.086500117278092,0.9946660798281715
1417,805.8173934820728,153.76539849503504,0.9944435380818044
1418,805.8173934820728,26.234601504964957,0.9944435380818044
1419,797.2851998240811,153.61412624739077,0.9939931601326888
1420,797.2851998240811,26.38587375260923,0.9939931601326888
1421,788.7586839745384,153.45958238375874,0.9936919649844153
1422,788.7586839745384,26.540417616241257,0.9936919649844153
1423,780.2380320763683,153.30166193290657,0.993095559144395
1424,780.2380320763683,26.69833806709343,0.993095559144395
1425,771.7234383624742,153.140255491383,0.9929623427578927
1426,771.7234383624742,26.859744508617013,0.9929623427578927
1427,763.2151055921473,152.97524899335994,0.99260555714711
1428,763.2151055921473,27.02475100664006,0.99260555714711
1429,754.7132455154762,152.80652346643004,0.9924308556020005
1430,754.7132455154762,27.193476533569964,0.9924308556020005
1431,746.218079367829,152.63395477238782,0.9924632549339212
1432,746.218079367829,27.366045227612176,0.9924632549339212
1433,737.7298383966565,152.4574133319485,0.99242643227966
1434,737.7298383966565,27.542586668051513,0.99242643227966
1435,729.2487644230465,152.276763832279,0.992430768000289
1436,729.2487644230465,27.723236167721012,0.992430768000289
1437,720.7751104406703,152.09186491612965,0.9925042522248373
1438,720.7751104406703,27.90813508387035,0.9925042522248373
1439,712.309141254988,151.9025688512621,0.992535426000005
1440,712.309141254988,28.09743114873791,0.992535426000005
1441,703.8511341658221,151.708721178767,0.9923812744436222
1442,703.8511341658221,28.291278821232993,0.9923812744436222
1443,695.4013796966806,151.51016033876007,0.9924348479346469
1444,695.4013796966806,28.489839661239927,0.9924348479346469
1445,686.960182374508,151.30671727182312,0.9925067610176938
1446,686.960182374508,28.693282728176882,0.9925067610176938
1447,678.5278615638605,151.09821499443538,0.9926639145759331
1448,678.5278615638605,28.90178500556462,0.9926639145759331
1449,670.1047523598611,150.8844681465,0.9927964645230667
1450,670.1047523598611,29.115531853499988,0.9927964645230667
1451,661.6912065446794,150.6652825089263,0.9928192331862201
1452,661.6912065446794,29.33471749107369,0.9928192331862201
1453,653.2875936127014,150.44045448906957,0.9929131808241836
1454,653.2875936127014,29.559545510930434,0.9929131808241836
1455,644.8943018700288,150.20977057165967,0.9929852711151548
1456,644.8943018700288,29.790229428340325,0.9929852711151548
1457,636.5117396144607,149.97300673266747,0.9931624406216654
1458,636.5117396144607,30.02699326733253,0.9931624406216654
1459,628.1403364026703,149.72992781336174,0.9933429173395231
1460,628.1403364026703,30.27007218663826,0.9933429173395231
1461,619.7805444119152,149.48028685159912,0.9935702919559126
1462,619.7805444119152,30.519713148400882,0.9935702919559126
1463,611.4328399043003,149.2238243671649,0.9939581978659763
1464,611.4328399043003,30.776175632835105,0.9939581978659763
1465,603.09772480236,148.96026759774244,0.9943129469945791
1466,603.09772480236,31.039732402257556,0.9943129469945791
1467,594.7757283855535,148.68932968183515,0.9945369929452949
1468,594.7757283855535,31.310670318164853,0.9945369929452949
1469,586.4674091181759,148.41070878469216,0.9946997958855722
1470,586.4674091181759,31.58929121530784,0.9946997958855722
1471,578.1733566201781,148.12408716300646,0.9948764942263137
1472,578.1733566201781,31.875912836993535,0.9948764942263137
1473,569.8941937934959,147.82913016385044,0.9951201132870153
1474,569.8941937934959,32.17086983614956,0.9951201132870153
1475,561.6305791176895,147.5254851530032,0.9953690442505796
1476,561.6305791176895,32.47451484699681,0.9953690442505796
1477,553.3832091300217,147.2127803674962,0.9956165827393951
1478,553.3832091300217,32.78721963250379,0.9956165827393951
1479,545.1528211065672,146.89062368687073,0.9958480458186068
1480,545.1528211065672,33.109376313129275,0.9958480458186068
1481,536.9401959625428,146.5586013172989,0.9960482774893477
1482,536.9401959625428,33.441398682701106,0.9960482774893477
1483,528.7461613918123,146.21627638238118,0.9961990113868876
1484,528.7461613918123,33.78372361761882,0.9961990113868876
1485,520.5715952674487,145.86318741409715,0.9964029549317573
1486,520.5715952674487,34.136812585902845,0.9964029549317573
1487,512.4174293273541,145.49884673706785,0.9967316014934112
1488,512.4174293273541,34.50115326293215,0.9967316014934112
1489,504.28465317125097,145.12273873899588,0.9970084636076056
1490,504.28465317125097,34.87726126100412,0.9970084636076056
1491,496.1743185978908,144.7343180198979,0.9972185922346136
1492,496.1743185978908,35.2656819801021,0.9972185922346136
1493,488.0875443140822,144.33300741255457,0.9974160031052465
1494,488.0875443140822,35.666992587445435,0.9974160031052465
1495,480.0255210501402,143.91819586649913,0.9976227529843055
1496,480.0255210501402,36.08180413350087,0.9976227529843055
1497,471.98951711961087,143.489236187877,0.9978438297384836
1498,471.98951711961087,36.510763812123,0.9978438297384836
1499,463.9808844646358,143.04544262767544,0.99808172265643
1500,463.9808844646358,36.95455737232456,0.99808172265643
1501,456.0010652320952,142.58608831119378,0.9983177479585533
1502,456.0010652320952,37.41391168880622,0.9983177479585533
1503,448.0515989297023,142.11040250225838,0.9985455827920928
1504,448.0515989297023,37.88959749774162,0.9985455827920928
1505,440.1341302155033,141.6175676966619,0.998764364137136
1506,440.1341302155033,38.382432303338106,0.998764364137136
1507,432.25041737873414,141.10671654071302,0.9989735076659173
1508,432.25041737873414,38.89328345928698,0.9989735076659173
1509,424.40234157466614,140.57692857273844,0.9992042754488331
1510,424.40234157466614,39.42307142726156,0.9992042754488331
1511,416.5919168808569,140.0272267880208,0.9994269169318225
1512,416.5919168808569,39.97277321197919,0.9994269169318225
1513,408.8213012470258,139.45657403116317,0.9996358434134391
1514,408.8213012470258,40.54342596883683,0.9996358434134391
1515,401.09280841545086,138.86386922444268,0.9998155871384115
1516,401.09280841545086,41.13613077555732,0.9998155871384115
1517,393.4089208931506,138.24794344661842,0.9999754373689471
1518,393.4089208931506,41.75205655338158,0.9999754373689471
1519,385.7723040609192,137.60755588418533,1.000110558185794
1520,385.7723040609192,42.39244411581467,1.000110558185794
1521,378.1858215071857,136.94138968659408,1.0002326117225566
1522,378.1858215071857,43.05861031340592,1.0002326117225566
1523,370.65255167622547,136.24804776890974,1.0003504684246114
1524,370.65255167622547,43.75195223109026,1.0003504684246114
1525,363.17580591989673,135.52604862027653,1.000471322974293
1526,363.17580591989673,44.473951379723474,1.000471322974293
1527,355.75914803905397,134.77382219498287,1.000602949363456
1528,355.75914803905397,45.22617780501713,1.000602949363456
1529,348.4064153941745,133.989705985555,1.0007552781376567
1530,348.4064153941745,46.01029401444501,1.0007552781376567
1531,341.12174165332823,133.17194140491844,1.0009199182490633
1532,341.12174165332823,46.82805859508156,1.0009199182490633
1533,333.9095812279418,132.31867063808608,1.0010767755441727
1534,333.9095812279418,47.681329361913924,1.0010767755441727
1535,326.7747354210182,131.42793416394824,1.00120631799537
1536,326.7747354210182,48.57206583605176,1.00120631799537
1537,319.72238027634353,130.49766919545135,1.0012895299979794
1538,319.72238027634353,49.50233080454865,1.0012895299979794
1539,312.75809606803585,129.52570934258048,1.0012969344144427
1540,312.75809606803585,50.474290657419516,1.0012969344144427
1541,305.88789830438225,128.50978586776702,1.001264155065904
1542,305.88789830438225,51.49021413223298,1.001264155065904
1543,299.1182700345783,127.44753097792349,1.0012388127443348
1544,299.1182700345783,52.55246902207651,1.0012388127443348
1545,292.4561951375338,126.33648368100441,1.001285256009043
1546,292.4561951375338,53.66351631899559,1.001285256009043
1547,285.909192133805,125.17409882661414,1.0014146589365889
1548,285.909192133805,54.82590117338586,1.0014146589365889
1549,279.4853478902325,123.95776004722558,1.0016075961410789
1550,279.4853478902325,56.04223995277442,1.0016075961410789
1551,273.1933503774955,122.68479741461292,1.0017605054477141
1552,273.1933503774955,57.315202585387084,1.0017605054477141
1553,267.04251938984413,121.35251071817102,1.0018661515940772
1554,267.04251938984413,58.64748928182898,1.0018661515940772
1555,261.04283384170304,119.95819934754756,1.0020226896693367
1556,261.04283384170304,60.04180065245244,1.0020226896693367
1557,255.2049539185636,118.49919980697274,1.0018992655834738
1558,255.2049539185636,61.50080019302726,1.0018992655834738
1559,249.54023598506674,116.97293188343377,1.0018330790951675
1560,249.54023598506674,63.02706811656623,1.0018330790951675
1561,244.06073775359067,115.37695441069776,1.0019355475144978
1562,244.06073775359067,64.62304558930224,1.0019355475144978
1563,238.77921081327113,113.7090313862744,1.0018592945973093
1564,238.77921081327113,66.2909686137256,1.0018592945973093
1565,233.70907724525313,111.9672088749963,1.0018697859839978
1566,233.70907724525313,68.0327911250037,1.0018697859839978
1567,228.86438675225173,110.149902636264,1.0020167799398252
1568,228.86438675225173,69.850097363736,1.0020167799398252
1569,224.25975057191673,108.25599571159698,1.0018319643664602
1570,224.25975057191673,71.74400428840302,1.0018319643664602
1571,219.91024850176908,106.28494428637407,1.0019996543739031
1572,219.91024850176908,73.71505571362593,1.0019996543739031
1573,215.83130572759558,104.23688899856528,1.0022609783681413
1574,215.83130572759558,75.76311100143472,1.0022609783681413
1575,212.0385369089433,102.11276754711692,1.002128691632488
1576,212.0385369089433,77.88723245288308,1.002128691632488
1577,208.54755621519348,99.91442304071425,1.0019741633221217
1578,208.54755621519348,80.08557695928575,1.0019741633221217
1579,205.37375377250797,97.64470116843296,1.0019569398251118
1580,205.37375377250797,82.35529883156704,1.0019569398251118
1581,202.5320412683624,95.30752816996826,1.0017307909670872
1582,202.5320412683624,84.69247183003174,1.0017307909670872
1583,200.0365721774047,92.90796098220893,1.001867203502559
1584,200.0365721774047,87.09203901779107,1.001867203502559
1585,197.90044503001985,90.45220110135668,1.0017864754175942
1586,197.90044503001985,89.54779889864332,1.0017864754175942
1587,196.13540104762134,87.94756484770113,1.001779191282657
1588,196.13540104762134,92.05243515229887,1.001779191282657
1589,194.75152993386237,85.40240497275589,1.0018876411989266
1590,194.75152993386237,94.59759502724411,1.0018876411989266
1591,193.75699921676738,82.8259818583188,1.0019321269570873
1592,193.75699921676738,97.1740181416812,1.0019321269570873
1593,193.157822895761,80.22828666811121,1.0019123539315695
1594,193.157822895761,99.77171333188879,1.0019123539315695
1595,192.95768399473351,77.61982326170533,1.0018679558031118
1596,192.95768399473351,102.38017673829467,1.0018679558031118
1597,193.157822895761,75.01135985529947,1.0016439344909815
1598,193.157822895761,104.98864014470053,1.0016439344909815
1599,193.75699921676735,72.41366466509183,1.001624316272093
1600,193.75699921676735,107.58633533490817,1.001624316272093
1601,194.75152993386232,69.83724155065478,1.0011199468494871
1602,194.75152993386232,110.16275844934522,1.0011199468494871
1603,196.13540104762134,67.29208167570948,1.0010857769391321
1604,196.13540104762134,112.70791832429052,1.0010857769391321
1605,197.90044503001985,64.78744542205396,1.001267044308206
1606,197.90044503001985,115.21255457794604,1.001267044308206
1607,200.03657217740465,62.331685541201715,1.0009951194655693
1608,200.03657217740465,117.66831445879828,1.0009951194655693
1609,202.53204126836238,59.93211835344237,1.0005312476446113
1610,202.53204126836238,120.06788164655762,1.0005312476446113
1611,205.37375377250794,57.59494535497769,1.000909928587252
1612,205.37375377250794,122.40505464502232,1.000909928587252
1613,208.54755621519345,55.32522348269639,1.0007808191229026
1614,208.54755621519345,124.67477651730361,1.0007808191229026
1615,212.03853690894329,53.12687897629374,1.0000719110475698
1616,212.03853690894329,126.87312102370626,1.0000719110475698
1617,215.8313057275956,51.00275752484534,0.999996365810564
1618,215.8313057275956,128.99724247515465,0.999996365810564
1619,219.91024850176908,48.954702237036564,1.0001982079998784
1620,219.91024850176908,131.04529776296343,1.0001982079998784
1621,224.25975057191675,46.98365081181367,1.0003458143459663
1622,224.25975057191675,133.01634918818633,1.0003458143459663
1623,228.86438675225168,45.08974388714663,1.0001840525747907
1624,228.86438675225168,134.91025611285338,1.0001840525747907
1625,233.7090772452531,43.27243764841434,0.9999339144299091
1626,233.7090772452531,136.72756235158568,0.9999339144299091
1627,238.77921081327108,41.530615137136245,0.9995874961593546
1628,238.77921081327108,138.46938486286376,0.9995874961593546
1629,244.06073775359062,39.862692112712885,0.999402974162291
1630,244.06073775359062,140.1373078872871,0.999402974162291
1631,249.5402359850668,38.266714639976875,0.9991899769893474
1632,249.5402359850668,141.73328536002313,0.9991899769893474
1633,255.2049539185636,36.740446716437916,0.9988805514408975
1634,255.2049539185636,143.25955328356207,0.9988805514408975
1635,261.04283384170304,35.28144717586308,0.998657421186901
1636,261.04283384170304,144.7185528241369,0.998657421186901
1637,267.04251938984413,33.88713580523964,0.9984101501845135
1638,267.04251938984413,146.11286419476036,0.9984101501845135
1639,273.19335037749545,32.5548491087977,0.998049204099915
1640,273.19335037749545,147.4451508912023,0.998049204099915
1641,279.48534789023233,31.28188647618507,0.9977122698338675
1642,279.48534789023233,148.71811352381494,0.9977122698338675
1643,285.909192133805,30.065547696796482,0.9974511037854168
1644,285.909192133805,149.93445230320353,0.9974511037854168
1645,292.4561951375339,28.903162842406235,0.9971317684927219
1646,292.4561951375339,151.09683715759377,0.9971317684927219
1647,299.11827003457836,27.79211554548712,0.9967784712836236
1648,299.11827003457836,152.20788445451288,0.9967784712836236
1649,305.8878983043822,26.72986065564362,0.9964143928717242
1650,305.8878983043822,153.27013934435638,0.9964143928717242
1651,312.7580960680357,25.713937180830143,0.9960545903419834
1652,312.7580960680357,154.28606281916984,0.9960545903419834
1653,319.72238027634336,24.74197732795932,0.9957065839205971
1654,319.72238027634336,155.25802267204068,0.9957065839205971
1655,326.77473542101814,23.81171235946239,0.9953544639550487
1656,326.77473542101814,156.18828764053762,0.9953544639550487
1657,333.9095812279417,22.920975885324584,0.9949891336755584
1658,333.9095812279417,157.0790241146754,0.9949891336755584
1659,341.1217416533283,22.067705118492203,0.994610343397224
1660,341.1217416533283,157.9322948815078,0.994610343397224
1661,348.4064153941745,21.249940537855668,0.994217861986547
1662,348.4064153941745,158.75005946214432,0.994217861986547
1663,355.7591480390539,20.46582432842775,0.9938128933349989
1664,355.7591480390539,159.53417567157226,0.9938128933349989
1665,363.17580591989685,19.7135979031341,0.9933895054169051
1666,363.17580591989685,160.2864020968659,0.9933895054169051
1667,370.65255167622547,18.991598754500924,0.9928790727125144
1668,370.65255167622547,161.00840124549907,0.9928790727125144
1669,378.1858215071856,18.298256836816535,0.9923465731881109
1670,378.1858215071856,161.70174316318347,0.9923465731881109
1671,385.7723040609191,17.632090639225325,0.9918077350175946
1672,385.7723040609191,162.36790936077466,0.9918077350175946
1673,393.4089208931506,16.991703076792213,0.9912569970142303
1674,393.4089208931506,163.00829692320778,0.9912569970142303
1675,401.0928084154508,16.375777298967943,0.9906983271832244
1676,401.0928084154508,163.62422270103207,0.9906983271832244
1677,408.82130124702593,15.783072492247486,0.99013667272009
1678,408.82130124702593,164.2169275077525,0.99013667272009
1679,416.5919168808569,15.21241973538982,0.9895934654200196
1680,416.5919168808569,164.78758026461017,0.9895934654200196
1681,424.402341574666,14.662717950672187,0.989063244983444
1682,424.402341574666,165.33728204932783,0.989063244983444
1683,432.25041737873397,14.132929982697597,0.9885279676401718
1684,432.25041737873397,165.8670700173024,0.9885279676401718
1685,440.1341302155033,13.622078826748778,0.9879829302010007
1686,440.1341302155033,166.37792117325122,0.9879829302010007
1687,448.05159892970227,13.129244021152287,0.9873798379346237
1688,448.05159892970227,166.8707559788477,0.9873798379346237
1689,456.00106523209524,12.653558212216836,0.9866413928585093
1690,456.00106523209524,167.34644178778316,0.9866413928585093
1691,463.98088446463584,12.194203895735207,0.9859236461408921
1692,463.98088446463584,167.8057961042648,0.9859236461408921
1693,471.98951711961075,11.750410335533656,0.9850837286090468
1694,471.98951711961075,168.24958966446636,0.9850837286090468
1695,480.02552105014,11.321450656911518,0.984188989410627
1696,480.02552105014,168.6785493430885,0.984188989410627
1697,488.0875443140822,10.90663911085607,0.9833781815767032
1698,488.0875443140822,169.09336088914392,0.9833781815767032
1699,496.17431859789076,10.505328503512704,0.9824419832910722
1700,496.17431859789076,169.49467149648729,0.9824419832910722
1701,504.2846531712508,10.116907784414725,0.981525157574894
1702,504.2846531712508,169.88309221558526,0.981525157574894
1703,512.4174293273541,9.740799786342787,0.9807547467608962
1704,512.4174293273541,170.2592002136572,0.9807547467608962
1705,520.5715952674486,9.376459109313478,0.980068285785328
1706,520.5715952674486,170.6235408906865,0.980068285785328
1707,528.7461613918124,9.023370141029408,0.979099030601576
1708,528.7461613918124,170.9766298589706,0.979099030601576
1709,536.9401959625428,8.68104520611171,0.9780883539173381
1710,536.9401959625428,171.31895479388828,0.9780883539173381
1711,545.1528211065672,8.349022836539929,0.9770714348821007
1712,545.1528211065672,171.65097716346008,0.9770714348821007
1713,553.3832091300218,8.026866155914396,0.975828536981854
1714,553.3832091300218,171.9731338440856,0.975828536981854
1715,561.6305791176893,7.714161370407494,0.9744025856961401
1716,561.6305791176893,172.28583862959252,0.9744025856961401
1717,569.8941937934959,7.410516359560255,0.9730237516429121
1718,569.8941937934959,172.58948364043974,0.9730237516429121
1719,578.1733566201779,7.115559360404168,0.9714705967109798
1720,578.1733566201779,172.88444063959582,0.9714705967109798
1721,586.4674091181759,6.828937738718416,0.9697586771813722
1722,586.4674091181759,173.17106226128158,0.9697586771813722
1723,594.7757283855536,6.550316841575442,0.9682886808080593
1724,594.7757283855536,173.44968315842456,0.9682886808080593
1725,603.0977248023598,6.279378925668207,0.9667485911365462
1726,603.0977248023598,173.7206210743318,0.9667485911365462
1727,611.4328399043004,6.0158221562457594,0.96509216473713
1728,611.4328399043004,173.98417784375425,0.96509216473713
1729,619.7805444119152,5.759359671811535,0.9632204683744947
1730,619.7805444119152,174.24064032818848,0.9632204683744947
1731,628.1403364026704,5.509718710048875,0.9611754656283164
1732,628.1403364026704,174.49028128995113,0.9611754656283164
1733,636.5117396144606,5.266639790743168,0.9589243074255973
1734,636.5117396144606,174.73336020925683,0.9589243074255973
1735,644.8943018700287,5.029875951750977,0.9565070429460109
1736,644.8943018700287,174.97012404824903,0.9565070429460109
1737,653.2875936127014,4.79919203434104,0.9538795852053344
1738,653.2875936127014,175.20080796565895,0.9538795852053344
1739,661.6912065446794,4.57436401448431,0.9509324740932987
1740,661.6912065446794,175.4256359855157,0.9509324740932987
1741,670.1047523598612,4.355178376910605,0.9482148118280321
1742,670.1047523598612,175.6448216230894,0.9482148118280321
1743,678.5278615638603,4.1414315289752315,0.9455855532623351
1744,678.5278615638603,175.85856847102477,0.9455855532623351
1745,686.9601823745081,3.93292925158753,0.9422634577358907
1746,686.9601823745081,176.06707074841248,0.9422634577358907
1747,695.4013796966806,3.729486184650606,0.9381375445286507
1748,695.4013796966806,176.2705138153494,0.9381375445286507
1749,703.8511341658219,3.5309253446436273,0.9337011894398646
1750,703.8511341658219,176.46907465535637,0.9337011894398646
1751,712.309141254988,3.3370776721484785,0.9296202377506085
1752,712.309141254988,176.66292232785153,0.9296202377506085
1753,720.7751104406703,3.1477816072810514,0.9255168732444845
1754,720.7751104406703,176.85221839271895,0.9255168732444845
1755,729.2487644230466,2.9628826911316963,0.9199553756705495
1756,729.2487644230466,177.0371173088683,0.9199553756705495
1757,737.7298383966564,2.782233191462229,0.913976224270307
1758,737.7298383966564,177.21776680853776,0.913976224270307
1759,746.2180793678288,2.6056917510226145,0.907770820430817
1760,746.2180793678288,177.39430824897738,0.907770820430817
1761,754.713245515476,2.4331230569806617,0.9009244768674888
1762,754.713245515476,177.56687694301934,0.9009244768674888
1763,763.2151055921473,2.264397530050556,0.8929321477793026
1764,763.2151055921473,177.73560246994944,0.8929321477793026
1765,771.7234383624744,2.0993910320276594,0.885775699112535
1766,771.7234383624744,177.90060896797235,0.885775699112535
1767,780.2380320763682,1.9379845905040967,0.8762899885130017
1768,780.2380320763682,178.0620154094959,0.8762899885130017
1769,788.7586839745384,1.780064139651728,0.8645875318134959
1770,788.7586839745384,178.21993586034827,0.8645875318134959
1771,797.2851998240811,1.6255202760198635,0.8531222420883776
1772,797.2851998240811,178.37447972398013,0.8531222420883776
1773,805.8173934820729,1.474248028375496,0.8424952930032056
1774,805.8173934820729,178.52575197162452,0.8424952930032056
1775,814.355086485248,1.3261466406885682,0.8285152297994094
1776,814.355086485248,178.67385335931144,0.8285152297994094
1777,822.8981076639973,1.1811193674144138,0.8123376296293124
1778,822.8981076639973,178.81888063258558,0.8123376296293124
1779,831.4462927790448,1.039073280295723,0.7936145411246813
1780,831.4462927790448,178.96092671970428,0.7936145411246813
1781,839.9994841792962,0.8999190859583055,0.7738200108761164
1782,839.9994841792962,179.10008091404168,0.7738200108761164
1783,848.557530479453,0.7635709536163686,0.7528288093725187
1784,848.557530479453,179.23642904638362,0.7528288093725187
