,theta,radius,value
0,180.00000307046903,0.0,1.0
1,180.00000307046903,153.89783520090268,0.9982191411870134
2,180.00000307046903,347.79695730377216,0.9915915324879281
3,180.00000307046903,415.8582087926117,0.9873979034735543
4,180.00000307046903,466.25667218328374,0.9827315813165312
5,180.00000307046903,507.4591819326994,0.9777074680806883
6,180.00000307046903,542.812521975005,0.9733179141842518
7,180.00000307046903,574.0468934528201,0.9676997623590373
8,180.00000307046903,602.1916383187784,0.9614078851984881
9,180.00000307046903,627.9160678059109,0.9551262912737816
10,180.00000307046903,651.6832322817402,0.9478547960543271
11,180.00000307046903,673.8285563461598,0.9392959234529492
12,180.00000307046903,694.6038091737228,0.9298772204991856
13,180.00000307046903,714.2034059782127,0.9190503433480789
14,180.00000307046903,732.780995255785,0.9069255617747627
15,180.00000307046903,750.460376368557,0.8933845720056668
16,180.00000307046903,767.3429435915259,0.8770840987730265
17,180.00000307046903,783.5129146999749,0.8592592631430533
18,180.00000307046903,799.0410976843807,0.8376396855832724
19,180.00000307046903,813.9876643749715,0.8153962472534458
20,180.00000307046903,828.4042322099767,0.7874697083148392
21,180.00000307046903,842.3354532536378,0.7563244381671436
22,180.00000307046903,855.8202453641381,0.7228642375378035
23,180.00000307046903,868.8927589341354,0.6844347804729142
24,180.00000307046903,881.5831451779695,0.6404610964301292
25,180.00000307046903,893.9181733794843,0.5986025580734724
26,161.80513042133117,0.0,1.0
27,161.80513042133117,153.89783520090268,0.9986651613890228
28,161.80513042133117,347.79695730377216,0.9935981999501506
29,161.80513042133117,415.8582087926117,0.990578213191852
30,161.80513042133117,466.25667218328374,0.9882318584245701
31,161.80513042133117,507.4591819326994,0.9854904822070747
32,161.80513042133117,542.812521975005,0.9834416578815437
33,161.80513042133117,574.0468934528201,0.9810557239817681
34,161.80513042133117,602.1916383187784,0.9792092841075859
35,161.80513042133117,627.9160678059109,0.977064607551491
36,161.80513042133117,651.6832322817402,0.9752001673717985
37,161.80513042133117,673.8285563461598,0.9736279571010494
38,161.80513042133117,694.6038091737228,0.9719012477803055
39,161.80513042133117,714.2034059782127,0.9711534165139885
40,161.80513042133117,732.780995255785,0.9694567956945668
41,161.80513042133117,750.460376368557,0.9695109541771706
42,161.80513042133117,767.3429435915259,0.9690052934440988
43,161.80513042133117,783.5129146999749,0.9682581879099018
44,161.80513042133117,799.0410976843807,0.9687991911311045
45,161.80513042133117,813.9876643749715,0.969319039627692
46,161.80513042133117,828.4042322099767,0.970232514216588
47,161.80513042133117,842.3354532536378,0.9718607945177531
48,161.80513042133117,855.8202453641381,0.9735131051564025
49,161.80513042133117,868.8927589341354,0.9755269109710698
50,161.80513042133117,881.5831451779695,0.978939712893744
51,161.80513042133117,893.9181733794843,0.9835190716559752
52,154.15806986648604,0.0,1.0
53,154.15806986648604,153.89783520090268,0.9988015050262464
54,154.15806986648604,347.79695730377216,0.9953886710457908
55,154.15806986648604,415.8582087926117,0.9937524887846747
56,154.15806986648604,466.25667218328374,0.992405515770346
57,154.15806986648604,507.4591819326994,0.9909648087384907
58,154.15806986648604,542.812521975005,0.9900019915373263
59,154.15806986648604,574.0468934528201,0.9893068070798533
60,154.15806986648604,602.1916383187784,0.9888056845494511
61,154.15806986648604,627.9160678059109,0.9882316652706838
62,154.15806986648604,651.6832322817402,0.9885012754856332
63,154.15806986648604,673.8285563461598,0.9882677742717976
64,154.15806986648604,694.6038091737228,0.9881735025917906
65,154.15806986648604,714.2034059782127,0.988941394901648
66,154.15806986648604,732.780995255785,0.9888689606870419
67,154.15806986648604,750.460376368557,0.989961955387287
68,154.15806986648604,767.3429435915259,0.9905605572116918
69,154.15806986648604,783.5129146999749,0.9916826377314427
70,154.15806986648604,799.0410976843807,0.9930836507396272
71,154.15806986648604,813.9876643749715,0.9941761757067227
72,154.15806986648604,828.4042322099767,0.9958375300953975
73,154.15806986648604,842.3354532536378,0.9980966521085972
74,154.15806986648604,855.8202453641381,0.999519409934958
75,154.15806986648604,868.8927589341354,1.0015972456156033
76,154.15806986648604,881.5831451779695,1.0046186275236033
77,154.15806986648604,893.9181733794843,1.0076802492347277
78,148.21167191116695,0.0,1.0
79,148.21167191116695,153.89783520090268,0.998877312557909
80,148.21167191116695,347.79695730377216,0.9970503323038458
81,148.21167191116695,415.8582087926117,0.9960130719718152
82,148.21167191116695,466.25667218328374,0.9952819416774711
83,148.21167191116695,507.4591819326994,0.9950202835383717
84,148.21167191116695,542.812521975005,0.9951761825637648
85,148.21167191116695,574.0468934528201,0.9951541071289582
86,148.21167191116695,602.1916383187784,0.995071468278395
87,148.21167191116695,627.9160678059109,0.995328808819518
88,148.21167191116695,651.6832322817402,0.9957630245038822
89,148.21167191116695,673.8285563461598,0.9961185206113348
90,148.21167191116695,694.6038091737228,0.9968093511191363
91,148.21167191116695,714.2034059782127,0.9978109499865193
92,148.21167191116695,732.780995255785,0.9986026161529695
93,148.21167191116695,750.460376368557,0.9993669932328234
94,148.21167191116695,767.3429435915259,1.0004592932075573
95,148.21167191116695,783.5129146999749,1.0015111876803207
96,148.21167191116695,799.0410976843807,1.002863586648543
97,148.21167191116695,813.9876643749715,1.0038081924002091
98,148.21167191116695,828.4042322099767,1.0056564458450634
99,148.21167191116695,842.3354532536378,1.0072967182675743
100,148.21167191116695,855.8202453641381,1.0084474478928362
101,148.21167191116695,868.8927589341354,1.0105160841060035
102,148.21167191116695,881.5831451779695,1.0126508164611705
103,148.21167191116695,893.9181733794843,1.015107408645995
104,143.13010479569235,0.0,1.0
105,143.13010479569235,153.89783520090268,0.9996359854835918
106,143.13010479569235,347.79695730377216,0.9983252046160962
107,143.13010479569235,415.8582087926117,0.9981223658429481
108,143.13010479569235,466.25667218328374,0.9983735360610939
109,143.13010479569235,507.4591819326994,0.9984689770504657
110,143.13010479569235,542.812521975005,0.9984199161921029
111,143.13010479569235,574.0468934528201,0.999031388384132
112,143.13010479569235,602.1916383187784,0.9994508348326061
113,143.13010479569235,627.9160678059109,1.0000544732954932
114,143.13010479569235,651.6832322817402,1.0011290666576214
115,143.13010479569235,673.8285563461598,1.001592082616018
116,143.13010479569235,694.6038091737228,1.0021256744878908
117,143.13010479569235,714.2034059782127,1.0035337216529356
118,143.13010479569235,732.780995255785,1.00448901444894
119,143.13010479569235,750.460376368557,1.0051471564018444
120,143.13010479569235,767.3429435915259,1.006716070068554
121,143.13010479569235,783.5129146999749,1.0074780250810005
122,143.13010479569235,799.0410976843807,1.0085735151753517
123,143.13010479569235,813.9876643749715,1.010017218584933
124,143.13010479569235,828.4042322099767,1.011552105660762
125,143.13010479569235,842.3354532536378,1.012245544833162
126,143.13010479569235,855.8202453641381,1.013834325472119
127,143.13010479569235,868.8927589341354,1.0151525251706672
128,143.13010479569235,881.5831451779695,1.0170461736701353
129,143.13010479569235,893.9181733794843,1.019479087215836
130,138.59038025482616,0.0,1.0
131,138.59038025482616,153.89783520090268,0.9997028785496826
132,138.59038025482616,347.79695730377216,0.9995247195766872
133,138.59038025482616,415.8582087926117,0.9998333484059556
134,138.59038025482616,466.25667218328374,1.000363408950325
135,138.59038025482616,507.4591819326994,1.0006852346559605
136,138.59038025482616,542.812521975005,1.0016289213566816
137,138.59038025482616,574.0468934528201,1.0022555276023106
138,138.59038025482616,602.1916383187784,1.003248443656084
139,138.59038025482616,627.9160678059109,1.0041838253873097
140,138.59038025482616,651.6832322817402,1.0052611247124352
141,138.59038025482616,673.8285563461598,1.0058149198830144
142,138.59038025482616,694.6038091737228,1.0069603074329967
143,138.59038025482616,714.2034059782127,1.0078723813854606
144,138.59038025482616,732.780995255785,1.0090603975550834
145,138.59038025482616,750.460376368557,1.0100915047277703
146,138.59038025482616,767.3429435915259,1.0111381759671618
147,138.59038025482616,783.5129146999749,1.0122285459866194
148,138.59038025482616,799.0410976843807,1.0137858864946812
149,138.59038025482616,813.9876643749715,1.0145624644693412
150,138.59038025482616,828.4042322099767,1.0160444693323503
151,138.59038025482616,842.3354532536378,1.0180989341019693
152,138.59038025482616,855.8202453641381,1.0187639093941998
153,138.59038025482616,868.8927589341354,1.020919511794137
154,138.59038025482616,881.5831451779695,1.0232870281917477
155,138.59038025482616,893.9181733794843,1.0262704739850994
156,134.4270062938832,0.0,1.0
157,134.4270062938832,153.89783520090268,1.0000880311859055
158,134.4270062938832,347.79695730377216,1.000707182391332
159,134.4270062938832,415.8582087926117,1.0012429443123088
160,134.4270062938832,466.25667218328374,1.0022750066099106
161,134.4270062938832,507.4591819326994,1.0032728459207318
162,134.4270062938832,542.812521975005,1.0038266520508807
163,134.4270062938832,574.0468934528201,1.0049467442663877
164,134.4270062938832,602.1916383187784,1.006185486997453
165,134.4270062938832,627.9160678059109,1.0073002933901714
166,134.4270062938832,651.6832322817402,1.008077839047908
167,134.4270062938832,673.8285563461598,1.0090003297026886
168,134.4270062938832,694.6038091737228,1.0105271760367303
169,134.4270062938832,714.2034059782127,1.0112106675189614
170,134.4270062938832,732.780995255785,1.012318247092588
171,134.4270062938832,750.460376368557,1.013675151936063
172,134.4270062938832,767.3429435915259,1.014738701509527
173,134.4270062938832,783.5129146999749,1.0160785083377153
174,134.4270062938832,799.0410976843807,1.01726418217412
175,134.4270062938832,813.9876643749715,1.0187571391673607
176,134.4270062938832,828.4042322099767,1.019724628850353
177,134.4270062938832,842.3354532536378,1.021079198922566
178,134.4270062938832,855.8202453641381,1.0229538505873694
179,134.4270062938832,868.8927589341354,1.0237909216154235
180,134.4270062938832,881.5831451779695,1.0252340731573064
181,134.4270062938832,893.9181733794843,1.0280998674237107
182,130.54160410030423,0.0,1.0
183,130.54160410030423,153.89783520090268,0.9996982418863702
184,130.54160410030423,347.79695730377216,1.0016276546248313
185,130.54160410030423,415.8582087926117,1.0027283980176547
186,130.54160410030423,466.25667218328374,1.0040187531328848
187,130.54160410030423,507.4591819326994,1.0051319197702346
188,130.54160410030423,542.812521975005,1.0061747726540011
189,130.54160410030423,574.0468934528201,1.0073094923228367
190,130.54160410030423,602.1916383187784,1.0080164570391195
191,130.54160410030423,627.9160678059109,1.0091472800485053
192,130.54160410030423,651.6832322817402,1.010879032937124
193,130.54160410030423,673.8285563461598,1.0119725651196694
194,130.54160410030423,694.6038091737228,1.0129757560653463
195,130.54160410030423,714.2034059782127,1.0141361952696926
196,130.54160410030423,732.780995255785,1.0153615705743149
197,130.54160410030423,750.460376368557,1.0164514360950947
198,130.54160410030423,767.3429435915259,1.0178407904614268
199,130.54160410030423,783.5129146999749,1.0191644795653971
200,130.54160410030423,799.0410976843807,1.0206402821068004
201,130.54160410030423,813.9876643749715,1.021685766133893
202,130.54160410030423,828.4042322099767,1.0233711976066588
203,130.54160410030423,842.3354532536378,1.0249095238865051
204,130.54160410030423,855.8202453641381,1.0261037976837581
205,130.54160410030423,868.8927589341354,1.0275303581518476
206,130.54160410030423,881.5831451779695,1.0287380085377265
207,130.54160410030423,893.9181733794843,1.030961360291349
208,126.86989981001119,0.0,1.0
209,126.86989981001119,153.89783520090268,0.9997838986519095
210,126.86989981001119,347.79695730377216,1.0022184068848201
211,126.86989981001119,415.8582087926117,1.00372542868272
212,126.86989981001119,466.25667218328374,1.0051823079440256
213,126.86989981001119,507.4591819326994,1.0067512867171176
214,126.86989981001119,542.812521975005,1.0078032421261576
215,126.86989981001119,574.0468934528201,1.0091483339882519
216,126.86989981001119,602.1916383187784,1.0103920924144492
217,126.86989981001119,627.9160678059109,1.0115992668531788
218,126.86989981001119,651.6832322817402,1.0129822681126333
219,126.86989981001119,673.8285563461598,1.0142410070412562
220,126.86989981001119,694.6038091737228,1.0156048307470364
221,126.86989981001119,714.2034059782127,1.016784015781083
222,126.86989981001119,732.780995255785,1.0178655225834843
223,126.86989981001119,750.460376368557,1.0195895873776635
224,126.86989981001119,767.3429435915259,1.0208452757820228
225,126.86989981001119,783.5129146999749,1.0222323112624319
226,126.86989981001119,799.0410976843807,1.0235312985406229
227,126.86989981001119,813.9876643749715,1.0252257101147877
228,126.86989981001119,828.4042322099767,1.0264913170443983
229,126.86989981001119,842.3354532536378,1.02799390296489
230,126.86989981001119,855.8202453641381,1.0300791412931998
231,126.86989981001119,868.8927589341354,1.0324711326960487
232,126.86989981001119,881.5831451779695,1.034777348038019
233,126.86989981001119,893.9181733794843,1.0383954243135383
234,123.36701507364614,0.0,1.0
235,123.36701507364614,153.89783520090268,1.0004719163114855
236,123.36701507364614,347.79695730377216,1.003553807025593
237,123.36701507364614,415.8582087926117,1.004985733734566
238,123.36701507364614,466.25667218328374,1.0065647790458312
239,123.36701507364614,507.4591819326994,1.0078606876792933
240,123.36701507364614,542.812521975005,1.0092808694095865
241,123.36701507364614,574.0468934528201,1.0107418525531986
242,123.36701507364614,602.1916383187784,1.0122620698474865
243,123.36701507364614,627.9160678059109,1.0139827002853468
244,123.36701507364614,651.6832322817402,1.0148050039948082
245,123.36701507364614,673.8285563461598,1.016336518203694
246,123.36701507364614,694.6038091737228,1.0172601164056574
247,123.36701507364614,714.2034059782127,1.019093580036277
248,123.36701507364614,732.780995255785,1.0200977250880243
249,123.36701507364614,750.460376368557,1.0214284166028262
250,123.36701507364614,767.3429435915259,1.0227237362041008
251,123.36701507364614,783.5129146999749,1.024166981115921
252,123.36701507364614,799.0410976843807,1.0257475171899824
253,123.36701507364614,813.9876643749715,1.026897068109618
254,123.36701507364614,828.4042322099767,1.0285466810017083
255,123.36701507364614,842.3354532536378,1.0306241339089743
256,123.36701507364614,855.8202453641381,1.0319942907814685
257,123.36701507364614,868.8927589341354,1.03425155058609
258,123.36701507364614,881.5831451779695,1.0362120312772167
259,123.36701507364614,893.9181733794843,1.0394160239245291
260,120.00000204697936,0.0,1.0
261,120.00000204697936,153.89783520090268,1.0001694234374103
262,120.00000204697936,347.79695730377216,1.003561607522747
263,120.00000204697936,415.8582087926117,1.0057761644220895
264,120.00000204697936,466.25667218328374,1.0074960661476289
265,120.00000204697936,507.4591819326994,1.0090834487568032
266,120.00000204697936,542.812521975005,1.0110689287388364
267,120.00000204697936,574.0468934528201,1.0119953861642181
268,120.00000204697936,602.1916383187784,1.0133825616672123
269,120.00000204697936,627.9160678059109,1.014752614162996
270,120.00000204697936,651.6832322817402,1.0164199603033937
271,120.00000204697936,673.8285563461598,1.0177399024639509
272,120.00000204697936,694.6038091737228,1.0192144515290067
273,120.00000204697936,714.2034059782127,1.0206319549094014
274,120.00000204697936,732.780995255785,1.0222059205302914
275,120.00000204697936,750.460376368557,1.0229368039256834
276,120.00000204697936,767.3429435915259,1.0243216128051995
277,120.00000204697936,783.5129146999749,1.0258150969260575
278,120.00000204697936,799.0410976843807,1.0273538155267772
279,120.00000204697936,813.9876643749715,1.0289374291039608
280,120.00000204697936,828.4042322099767,1.0301396732605386
281,120.00000204697936,842.3354532536378,1.031667887438551
282,120.00000204697936,855.8202453641381,1.0325385474629594
283,120.00000204697936,868.8927589341354,1.0343539385714116
284,120.00000204697936,881.5831451779695,1.0363092003027905
285,120.00000204697936,893.9181733794843,1.0376967309889606
286,116.7436859418356,0.0,1.0
287,116.7436859418356,153.89783520090268,1.0006414863636173
288,116.7436859418356,347.79695730377216,1.0044865946869754
289,116.7436859418356,415.8582087926117,1.0065726907157981
290,116.7436859418356,466.25667218328374,1.0081576665060574
291,116.7436859418356,507.4591819326994,1.0103593067817618
292,116.7436859418356,542.812521975005,1.0118477087647184
293,116.7436859418356,574.0468934528201,1.0134463763040562
294,116.7436859418356,602.1916383187784,1.0148737512146566
295,116.7436859418356,627.9160678059109,1.0164705054302707
296,116.7436859418356,651.6832322817402,1.0179134268779906
297,116.7436859418356,673.8285563461598,1.0188622261758706
298,116.7436859418356,694.6038091737228,1.0203789632304252
299,116.7436859418356,714.2034059782127,1.0221507031454053
300,116.7436859418356,732.780995255785,1.0235191029414896
301,116.7436859418356,750.460376368557,1.024895809214612
302,116.7436859418356,767.3429435915259,1.0261714885033535
303,116.7436859418356,783.5129146999749,1.0276611133075546
304,116.7436859418356,799.0410976843807,1.0292958111303105
305,116.7436859418356,813.9876643749715,1.0306902246124607
306,116.7436859418356,828.4042322099767,1.0316243275856605
307,116.7436859418356,842.3354532536378,1.0332839159952507
308,116.7436859418356,855.8202453641381,1.0343346152465567
309,116.7436859418356,868.8927589341354,1.0358071323664049
310,116.7436859418356,881.5831451779695,1.0374310664790911
311,116.7436859418356,893.9181733794843,1.0388040329083104
312,113.57818041563671,0.0,1.0
313,113.57818041563671,153.89783520090268,1.0004968137034442
314,113.57818041563671,347.79695730377216,1.0050216120678188
315,113.57818041563671,415.8582087926117,1.0072907675590443
316,113.57818041563671,466.25667218328374,1.0090730288941019
317,113.57818041563671,507.4591819326994,1.0111903511873184
318,113.57818041563671,542.812521975005,1.0131487934209016
319,113.57818041563671,574.0468934528201,1.0143582187188422
320,113.57818041563671,602.1916383187784,1.0163753586716617
321,113.57818041563671,627.9160678059109,1.0176579268301802
322,113.57818041563671,651.6832322817402,1.01922352923782
323,113.57818041563671,673.8285563461598,1.020703638823185
324,113.57818041563671,694.6038091737228,1.0216117472754542
325,113.57818041563671,714.2034059782127,1.0235598282084841
326,113.57818041563671,732.780995255785,1.0249054953296646
327,113.57818041563671,750.460376368557,1.0261016912278376
328,113.57818041563671,767.3429435915259,1.0280876782684234
329,113.57818041563671,783.5129146999749,1.0294346393397902
330,113.57818041563671,799.0410976843807,1.030580166486915
331,113.57818041563671,813.9876643749715,1.0323422451472644
332,113.57818041563671,828.4042322099767,1.0336498963888328
333,113.57818041563671,842.3354532536378,1.035517808289573
334,113.57818041563671,855.8202453641381,1.0368509419495793
335,113.57818041563671,868.8927589341354,1.0391818948758578
336,113.57818041563671,881.5831451779695,1.041421989873065
337,113.57818041563671,893.9181733794843,1.0440209147410942
338,110.48731699943309,0.0,1.0
339,110.48731699943309,153.89783520090268,1.0006186328223194
340,110.48731699943309,347.79695730377216,1.0051133397701255
341,110.48731699943309,415.8582087926117,1.0077988283974555
342,110.48731699943309,466.25667218328374,1.0100663770054161
343,110.48731699943309,507.4591819326994,1.0117505542815628
344,110.48731699943309,542.812521975005,1.0137838478332877
345,110.48731699943309,574.0468934528201,1.0152617624178963
346,110.48731699943309,602.1916383187784,1.0172040053005948
347,110.48731699943309,627.9160678059109,1.0186769643443025
348,110.48731699943309,651.6832322817402,1.0198920511117615
349,110.48731699943309,673.8285563461598,1.022091447338863
350,110.48731699943309,694.6038091737228,1.023109760548183
351,110.48731699943309,714.2034059782127,1.0247439291314948
352,110.48731699943309,732.780995255785,1.0259945130818287
353,110.48731699943309,750.460376368557,1.027549274844236
354,110.48731699943309,767.3429435915259,1.0287612945925317
355,110.48731699943309,783.5129146999749,1.030566539119296
356,110.48731699943309,799.0410976843807,1.0322968588046204
357,110.48731699943309,813.9876643749715,1.0336413676343987
358,110.48731699943309,828.4042322099767,1.0353690051227233
359,110.48731699943309,842.3354532536378,1.0373076362122466
360,110.48731699943309,855.8202453641381,1.03895181392287
361,110.48731699943309,868.8927589341354,1.041139526267917
362,110.48731699943309,881.5831451779695,1.043339253216133
363,110.48731699943309,893.9181733794843,1.0461275869200723
364,107.45760495675121,0.0,1.0
365,107.45760495675121,153.89783520090268,1.0009905262970453
366,107.45760495675121,347.79695730377216,1.0056069698586845
367,107.45760495675121,415.8582087926117,1.00829099196479
368,107.45760495675121,466.25667218328374,1.0104318050447458
369,107.45760495675121,507.4591819326994,1.0124701170898718
370,107.45760495675121,542.812521975005,1.0143615207919114
371,107.45760495675121,574.0468934528201,1.0162256813812593
372,107.45760495675121,602.1916383187784,1.0179606588606533
373,107.45760495675121,627.9160678059109,1.019434284716779
374,107.45760495675121,651.6832322817402,1.0207550315642306
375,107.45760495675121,673.8285563461598,1.0224821151592067
376,107.45760495675121,694.6038091737228,1.0240219924739464
377,107.45760495675121,714.2034059782127,1.025834320931324
378,107.45760495675121,732.780995255785,1.027094635717263
379,107.45760495675121,750.460376368557,1.0286990752801342
380,107.45760495675121,767.3429435915259,1.0300166982756076
381,107.45760495675121,783.5129146999749,1.0318927923630523
382,107.45760495675121,799.0410976843807,1.033064698324183
383,107.45760495675121,813.9876643749715,1.034828828035557
384,107.45760495675121,828.4042322099767,1.0364379975919424
385,107.45760495675121,842.3354532536378,1.038162286248501
386,107.45760495675121,855.8202453641381,1.040002028229049
387,107.45760495675121,868.8927589341354,1.0416654992338406
388,107.45760495675121,881.5831451779695,1.0440394718543946
389,107.45760495675121,893.9181733794843,1.0464106002542222
390,104.47751396812417,0.0,1.0
391,104.47751396812417,153.89783520090268,1.0010481973956813
392,104.47751396812417,347.79695730377216,1.0060204484197586
393,104.47751396812417,415.8582087926117,1.0084467526547691
394,104.47751396812417,466.25667218328374,1.0107722223275248
395,104.47751396812417,507.4591819326994,1.0127408091316945
396,104.47751396812417,542.812521975005,1.0149371012306392
397,104.47751396812417,574.0468934528201,1.0165627827461485
398,104.47751396812417,602.1916383187784,1.0184165817334276
399,104.47751396812417,627.9160678059109,1.0200563645112577
400,104.47751396812417,651.6832322817402,1.0218528866742638
401,104.47751396812417,673.8285563461598,1.0233773766363432
402,104.47751396812417,694.6038091737228,1.0245025094966744
403,104.47751396812417,714.2034059782127,1.026057757408722
404,104.47751396812417,732.780995255785,1.0279005459068282
405,104.47751396812417,750.460376368557,1.0291506352355229
406,104.47751396812417,767.3429435915259,1.0304151418120664
407,104.47751396812417,783.5129146999749,1.032377857775809
408,104.47751396812417,799.0410976843807,1.0340239466470043
409,104.47751396812417,813.9876643749715,1.0354052492586407
410,104.47751396812417,828.4042322099767,1.0370396577807406
411,104.47751396812417,842.3354532536378,1.0388199247385415
412,104.47751396812417,855.8202453641381,1.0403323134200366
413,104.47751396812417,868.8927589341354,1.0420922499873755
414,104.47751396812417,881.5831451779695,1.0437545497996117
415,104.47751396812417,893.9181733794843,1.0462381010948767
416,101.53696076484933,0.0,1.0
417,101.53696076484933,153.89783520090268,1.0011879457184123
418,101.53696076484933,347.79695730377216,1.0061356093458054
419,101.53696076484933,415.8582087926117,1.0090296426874095
420,101.53696076484933,466.25667218328374,1.0115916566772056
421,101.53696076484933,507.4591819326994,1.0134244623690254
422,101.53696076484933,542.812521975005,1.0152534793659445
423,101.53696076484933,574.0468934528201,1.0173797009244399
424,101.53696076484933,602.1916383187784,1.0190293402501625
425,101.53696076484933,627.9160678059109,1.0205192282321116
426,101.53696076484933,651.6832322817402,1.0224748546228248
427,101.53696076484933,673.8285563461598,1.0238400687925326
428,101.53696076484933,694.6038091737228,1.0253997251236926
429,101.53696076484933,714.2034059782127,1.026842110260762
430,101.53696076484933,732.780995255785,1.0284559950703482
431,101.53696076484933,750.460376368557,1.02948423025517
432,101.53696076484933,767.3429435915259,1.0312035045455514
433,101.53696076484933,783.5129146999749,1.0328806173500387
434,101.53696076484933,799.0410976843807,1.033731398430135
435,101.53696076484933,813.9876643749715,1.0354061109035433
436,101.53696076484933,828.4042322099767,1.0371195046786632
437,101.53696076484933,842.3354532536378,1.0382534163491202
438,101.53696076484933,855.8202453641381,1.0397874976857173
439,101.53696076484933,868.8927589341354,1.0407830672500114
440,101.53696076484933,881.5831451779695,1.0424488038092148
441,101.53696076484933,893.9181733794843,1.0439240397689304
442,98.62692824107265,0.0,1.0
443,98.62692824107265,153.89783520090268,1.0012228869163724
444,98.62692824107265,347.79695730377216,1.006339608603599
445,98.62692824107265,415.8582087926117,1.009042222251167
446,98.62692824107265,466.25667218328374,1.011911976842064
447,98.62692824107265,507.4591819326994,1.0138848024863776
448,98.62692824107265,542.812521975005,1.0157877853538884
449,98.62692824107265,574.0468934528201,1.01747925418008
450,98.62692824107265,602.1916383187784,1.0192572396004624
451,98.62692824107265,627.9160678059109,1.0209863473071519
452,98.62692824107265,651.6832322817402,1.022807742086536
453,98.62692824107265,673.8285563461598,1.0242043827599092
454,98.62692824107265,694.6038091737228,1.0256541904515295
455,98.62692824107265,714.2034059782127,1.0275202976365008
456,98.62692824107265,732.780995255785,1.028529367188215
457,98.62692824107265,750.460376368557,1.0299791055853489
458,98.62692824107265,767.3429435915259,1.03173249106791
459,98.62692824107265,783.5129146999749,1.0327434964771514
460,98.62692824107265,799.0410976843807,1.0339150640450798
461,98.62692824107265,813.9876643749715,1.0355286348366812
462,98.62692824107265,828.4042322099767,1.0363690065314257
463,98.62692824107265,842.3354532536378,1.0376981968379544
464,98.62692824107265,855.8202453641381,1.0385721456649222
465,98.62692824107265,868.8927589341354,1.0396879719464762
466,98.62692824107265,881.5831451779695,1.0407442032143508
467,98.62692824107265,893.9181733794843,1.0421800626589237
468,95.73917211040099,0.0,1.0
469,95.73917211040099,153.89783520090268,1.0010871968536377
470,95.73917211040099,347.79695730377216,1.0065321563391143
471,95.73917211040099,415.8582087926117,1.0093170396811846
472,95.73917211040099,466.25667218328374,1.0118412097353495
473,95.73917211040099,507.4591819326994,1.0137833953764654
474,95.73917211040099,542.812521975005,1.0157717466639764
475,95.73917211040099,574.0468934528201,1.0176940817200402
476,95.73917211040099,602.1916383187784,1.0194286550466494
477,95.73917211040099,627.9160678059109,1.0214794801320368
478,95.73917211040099,651.6832322817402,1.0228985955556922
479,95.73917211040099,673.8285563461598,1.0246225995472737
480,95.73917211040099,694.6038091737228,1.025846354274659
481,95.73917211040099,714.2034059782127,1.0276407032504293
482,95.73917211040099,732.780995255785,1.028398139322328
483,95.73917211040099,750.460376368557,1.0303091444126362
484,95.73917211040099,767.3429435915259,1.0313931038926007
485,95.73917211040099,783.5129146999749,1.0325096653446182
486,95.73917211040099,799.0410976843807,1.0341420560452776
487,95.73917211040099,813.9876643749715,1.034975340525202
488,95.73917211040099,828.4042322099767,1.0362927220910656
489,95.73917211040099,842.3354532536378,1.037131836134368
490,95.73917211040099,855.8202453641381,1.0378573514392817
491,95.73917211040099,868.8927589341354,1.0380766285138754
492,95.73917211040099,881.5831451779695,1.0391245302556953
493,95.73917211040099,893.9181733794843,1.0396179772131362
494,92.86598556672179,0.0,1.0
495,92.86598556672179,153.89783520090268,1.0010442384165015
496,92.86598556672179,347.79695730377216,1.0066872848633512
497,92.86598556672179,415.8582087926117,1.0096474306561365
498,92.86598556672179,466.25667218328374,1.0120509460016343
499,92.86598556672179,507.4591819326994,1.0143614302166875
500,92.86598556672179,542.812521975005,1.0160821873501937
501,92.86598556672179,574.0468934528201,1.0177821802950417
502,92.86598556672179,602.1916383187784,1.020000835739778
503,92.86598556672179,627.9160678059109,1.0215248721346322
504,92.86598556672179,651.6832322817402,1.0228559852947552
505,92.86598556672179,673.8285563461598,1.0242461810462136
506,92.86598556672179,694.6038091737228,1.0262682584579783
507,92.86598556672179,714.2034059782127,1.0272912277139965
508,92.86598556672179,732.780995255785,1.029188021597182
509,92.86598556672179,750.460376368557,1.0299650483542362
510,92.86598556672179,767.3429435915259,1.0315544089980244
511,92.86598556672179,783.5129146999749,1.0326946099356251
512,92.86598556672179,799.0410976843807,1.0340140363153696
513,92.86598556672179,813.9876643749715,1.0350760102372252
514,92.86598556672179,828.4042322099767,1.0356523229930925
515,92.86598556672179,842.3354532536378,1.0365189384811044
516,92.86598556672179,855.8202453641381,1.0371736103977438
517,92.86598556672179,868.8927589341354,1.0376051878254515
518,92.86598556672179,881.5831451779695,1.0379890039291408
519,92.86598556672179,893.9181733794843,1.0389752762558642
520,90.00000153523452,0.0,1.0
521,90.00000153523452,153.89783520090268,1.0010109800963198
522,90.00000153523452,347.79695730377216,1.0064803289515472
523,90.00000153523452,415.8582087926117,1.0097376448962405
524,90.00000153523452,466.25667218328374,1.0118904876883152
525,90.00000153523452,507.4591819326994,1.0143223185219248
526,90.00000153523452,542.812521975005,1.016105868745716
527,90.00000153523452,574.0468934528201,1.0179732474119068
528,90.00000153523452,602.1916383187784,1.0197527839553098
529,90.00000153523452,627.9160678059109,1.021534027116659
530,90.00000153523452,651.6832322817402,1.0232747759564538
531,90.00000153523452,673.8285563461598,1.0246953440821198
532,90.00000153523452,694.6038091737228,1.0262716741214832
533,90.00000153523452,714.2034059782127,1.0279720972328767
534,90.00000153523452,732.780995255785,1.0289276818132933
535,90.00000153523452,750.460376368557,1.030640891817159
536,90.00000153523452,767.3429435915259,1.0318093834237743
537,90.00000153523452,783.5129146999749,1.0326916026090496
538,90.00000153523452,799.0410976843807,1.0339380523940387
539,90.00000153523452,813.9876643749715,1.0349612343744807
540,90.00000153523452,828.4042322099767,1.035954046741683
541,90.00000153523452,842.3354532536378,1.0360773962616923
542,90.00000153523452,855.8202453641381,1.0368324925756667
543,90.00000153523452,868.8927589341354,1.0372038406124702
544,90.00000153523452,881.5831451779695,1.0374150347573239
545,90.00000153523452,893.9181733794843,1.0385041018944396
546,87.13401750374723,0.0,1.0
547,87.13401750374723,153.89783520090268,1.001085358826576
548,87.13401750374723,347.79695730377216,1.0066100702437355
549,87.13401750374723,415.8582087926117,1.0095133941513337
550,87.13401750374723,466.25667218328374,1.0118156617058376
551,87.13401750374723,507.4591819326994,1.014194312524853
552,87.13401750374723,542.812521975005,1.016177460717552
553,87.13401750374723,574.0468934528201,1.0179923461343119
554,87.13401750374723,602.1916383187784,1.0197966216823404
555,87.13401750374723,627.9160678059109,1.0216220418885276
556,87.13401750374723,651.6832322817402,1.023070340353501
557,87.13401750374723,673.8285563461598,1.0244818851647268
558,87.13401750374723,694.6038091737228,1.0258122653337485
559,87.13401750374723,714.2034059782127,1.02774746781723
560,87.13401750374723,732.780995255785,1.02911811973254
561,87.13401750374723,750.460376368557,1.0302711395681194
562,87.13401750374723,767.3429435915259,1.0315785987887003
563,87.13401750374723,783.5129146999749,1.0328628753070448
564,87.13401750374723,799.0410976843807,1.0339842411637097
565,87.13401750374723,813.9876643749715,1.0348352533198715
566,87.13401750374723,828.4042322099767,1.0356896520804284
567,87.13401750374723,842.3354532536378,1.0365735013362227
568,87.13401750374723,855.8202453641381,1.0371764709763949
569,87.13401750374723,868.8927589341354,1.0374351614616577
570,87.13401750374723,881.5831451779695,1.0381821976850598
571,87.13401750374723,893.9181733794843,1.0385407848936032
572,84.26083096006802,0.0,1.0
573,84.26083096006802,153.89783520090268,1.0009670724977155
574,84.26083096006802,347.79695730377216,1.0061324451301363
575,84.26083096006802,415.8582087926117,1.0095562259531097
576,84.26083096006802,466.25667218328374,1.0117913182419256
577,84.26083096006802,507.4591819326994,1.0137914779427866
578,84.26083096006802,542.812521975005,1.0162170788342795
579,84.26083096006802,574.0468934528201,1.0179088114806722
580,84.26083096006802,602.1916383187784,1.0197820920671694
581,84.26083096006802,627.9160678059109,1.0211330311355633
582,84.26083096006802,651.6832322817402,1.0232590622514681
583,84.26083096006802,673.8285563461598,1.0245172080780418
584,84.26083096006802,694.6038091737228,1.0261572578003988
585,84.26083096006802,714.2034059782127,1.027483414566917
586,84.26083096006802,732.780995255785,1.028921859124847
587,84.26083096006802,750.460376368557,1.0304278827034212
588,84.26083096006802,767.3429435915259,1.0314879471167062
589,84.26083096006802,783.5129146999749,1.033240435019902
590,84.26083096006802,799.0410976843807,1.033836738808655
591,84.26083096006802,813.9876643749715,1.035310712571606
592,84.26083096006802,828.4042322099767,1.0358776535767198
593,84.26083096006802,842.3354532536378,1.0371458551032613
594,84.26083096006802,855.8202453641381,1.0381394463387876
595,84.26083096006802,868.8927589341354,1.0386365675503664
596,84.26083096006802,881.5831451779695,1.0393973564212873
597,84.26083096006802,893.9181733794843,1.0399395576893469
598,81.37307482939636,0.0,1.0
599,81.37307482939636,153.89783520090268,1.000957638356428
600,81.37307482939636,347.79695730377216,1.0065374868740273
601,81.37307482939636,415.8582087926117,1.0091510193531505
602,81.37307482939636,466.25667218328374,1.01146241045338
603,81.37307482939636,507.4591819326994,1.0132408244994686
604,81.37307482939636,542.812521975005,1.015826255498079
605,81.37307482939636,574.0468934528201,1.0174855081889083
606,81.37307482939636,602.1916383187784,1.0191840132633867
607,81.37307482939636,627.9160678059109,1.0209467799068153
608,81.37307482939636,651.6832322817402,1.022640660450103
609,81.37307482939636,673.8285563461598,1.0241755232745764
610,81.37307482939636,694.6038091737228,1.025912641726077
611,81.37307482939636,714.2034059782127,1.0274387381855337
612,81.37307482939636,732.780995255785,1.0287189208943586
613,81.37307482939636,750.460376368557,1.0300999728329387
614,81.37307482939636,767.3429435915259,1.0315355132185349
615,81.37307482939636,783.5129146999749,1.0326349406761426
616,81.37307482939636,799.0410976843807,1.0339400292066196
617,81.37307482939636,813.9876643749715,1.0352983740621329
618,81.37307482939636,828.4042322099767,1.0366948125552349
619,81.37307482939636,842.3354532536378,1.0375903340905162
620,81.37307482939636,855.8202453641381,1.0389397388928217
621,81.37307482939636,868.8927589341354,1.0395233715048955
622,81.37307482939636,881.5831451779695,1.040873439080945
623,81.37307482939636,893.9181733794843,1.0420881267380315
624,78.46304230561971,0.0,1.0
625,78.46304230561971,153.89783520090268,1.0008338148579696
626,78.46304230561971,347.79695730377216,1.0062601203881447
627,78.46304230561971,415.8582087926117,1.008731533518267
628,78.46304230561971,466.25667218328374,1.0112688727005308
629,78.46304230561971,507.4591819326994,1.0129768930515977
630,78.46304230561971,542.812521975005,1.015282223189252
631,78.46304230561971,574.0468934528201,1.0172382746802169
632,78.46304230561971,602.1916383187784,1.0188793543477774
633,78.46304230561971,627.9160678059109,1.020490243337532
634,78.46304230561971,651.6832322817402,1.021851244173211
635,78.46304230561971,673.8285563461598,1.0237513864254462
636,78.46304230561971,694.6038091737228,1.0256685613232202
637,78.46304230561971,714.2034059782127,1.0268060536141437
638,78.46304230561971,732.780995255785,1.0283229178124598
639,78.46304230561971,750.460376368557,1.0301392286084714
640,78.46304230561971,767.3429435915259,1.031779752718596
641,78.46304230561971,783.5129146999749,1.0324415712758974
642,78.46304230561971,799.0410976843807,1.0345123768322426
643,78.46304230561971,813.9876643749715,1.0358243019850888
644,78.46304230561971,828.4042322099767,1.0371607806509595
645,78.46304230561971,842.3354532536378,1.0383962031492382
646,78.46304230561971,855.8202453641381,1.0396625413189806
647,78.46304230561971,868.8927589341354,1.0413667079369586
648,78.46304230561971,881.5831451779695,1.0425708171629144
649,78.46304230561971,893.9181733794843,1.044149134824263
650,75.52248910234485,0.0,1.0
651,75.52248910234485,153.89783520090268,1.00115346830562
652,75.52248910234485,347.79695730377216,1.0059401412413438
653,75.52248910234485,415.8582087926117,1.0085612013012992
654,75.52248910234485,466.25667218328374,1.0108417171948314
655,75.52248910234485,507.4591819326994,1.0126104307059332
656,75.52248910234485,542.812521975005,1.015091698091324
657,75.52248910234485,574.0468934528201,1.0166757759286418
658,75.52248910234485,602.1916383187784,1.0183027855177704
659,75.52248910234485,627.9160678059109,1.0202901579023709
660,75.52248910234485,651.6832322817402,1.0215597772425584
661,75.52248910234485,673.8285563461598,1.023443588294045
662,75.52248910234485,694.6038091737228,1.0248623877054173
663,75.52248910234485,714.2034059782127,1.0263476248362542
664,75.52248910234485,732.780995255785,1.027977487046424
665,75.52248910234485,750.460376368557,1.029573096253154
666,75.52248910234485,767.3429435915259,1.0306611095719627
667,75.52248910234485,783.5129146999749,1.0320372879607693
668,75.52248910234485,799.0410976843807,1.0339327655638573
669,75.52248910234485,813.9876643749715,1.0355957830118911
670,75.52248910234485,828.4042322099767,1.0369168177547314
671,75.52248910234485,842.3354532536378,1.0388786836530317
672,75.52248910234485,855.8202453641381,1.0402016608871396
673,75.52248910234485,868.8927589341354,1.0419707982775375
674,75.52248910234485,881.5831451779695,1.0443104965567713
675,75.52248910234485,893.9181733794843,1.0460986031227812
676,72.54239811371781,0.0,1.0
677,72.54239811371781,153.89783520090268,1.000841300663862
678,72.54239811371781,347.79695730377216,1.0051932300952107
679,72.54239811371781,415.8582087926117,1.008152637297296
680,72.54239811371781,466.25667218328374,1.0105143153054386
681,72.54239811371781,507.4591819326994,1.012404769330587
682,72.54239811371781,542.812521975005,1.0144231639257293
683,72.54239811371781,574.0468934528201,1.0161416042878089
684,72.54239811371781,602.1916383187784,1.0178533595583081
685,72.54239811371781,627.9160678059109,1.01947090501241
686,72.54239811371781,651.6832322817402,1.0209398515730854
687,72.54239811371781,673.8285563461598,1.0221761594160597
688,72.54239811371781,694.6038091737228,1.0240822267180125
689,72.54239811371781,714.2034059782127,1.025439707092682
690,72.54239811371781,732.780995255785,1.0269422750668342
691,72.54239811371781,750.460376368557,1.0284028161444492
692,72.54239811371781,767.3429435915259,1.0301502057898233
693,72.54239811371781,783.5129146999749,1.0318225366097187
694,72.54239811371781,799.0410976843807,1.0334150106004956
695,72.54239811371781,813.9876643749715,1.0353182057661299
696,72.54239811371781,828.4042322099767,1.0366088007208534
697,72.54239811371781,842.3354532536378,1.0386657782013253
698,72.54239811371781,855.8202453641381,1.040184666131688
699,72.54239811371781,868.8927589341354,1.0418561326290408
700,72.54239811371781,881.5831451779695,1.0437103895625386
701,72.54239811371781,893.9181733794843,1.0463136893037914
702,69.51268607103593,0.0,1.0
703,69.51268607103593,153.89783520090268,1.0007167568935311
704,69.51268607103593,347.79695730377216,1.0054924819710813
705,69.51268607103593,415.8582087926117,1.0078059921994196
706,69.51268607103593,466.25667218328374,1.0097150304255442
707,69.51268607103593,507.4591819326994,1.0116691433303189
708,69.51268607103593,542.812521975005,1.0134969211748586
709,69.51268607103593,574.0468934528201,1.0151179315668009
710,69.51268607103593,602.1916383187784,1.0168742564417736
711,69.51268607103593,627.9160678059109,1.018441921409991
712,69.51268607103593,651.6832322817402,1.0201231932442842
713,69.51268607103593,673.8285563461598,1.0216835457409275
714,69.51268607103593,694.6038091737228,1.0231187761721008
715,69.51268607103593,714.2034059782127,1.024815480645938
716,69.51268607103593,732.780995255785,1.0257728913106716
717,69.51268607103593,750.460376368557,1.0275980804762566
718,69.51268607103593,767.3429435915259,1.0292333602296666
719,69.51268607103593,783.5129146999749,1.030765556615802
720,69.51268607103593,799.0410976843807,1.032160438693842
721,69.51268607103593,813.9876643749715,1.0339968585406518
722,69.51268607103593,828.4042322099767,1.0353683157350964
723,69.51268607103593,842.3354532536378,1.0369313946367862
724,69.51268607103593,855.8202453641381,1.0388130795600083
725,69.51268607103593,868.8927589341354,1.0409791339325913
726,69.51268607103593,881.5831451779695,1.0432574349633328
727,69.51268607103593,893.9181733794843,1.045625557913771
728,66.4218226548323,0.0,1.0
729,66.4218226548323,153.89783520090268,1.0006441010570837
730,66.4218226548323,347.79695730377216,1.004732026661979
731,66.4218226548323,415.8582087926117,1.0073157968297566
732,66.4218226548323,466.25667218328374,1.0091408630744723
733,66.4218226548323,507.4591819326994,1.0108871952436318
734,66.4218226548323,542.812521975005,1.0128749296564785
735,66.4218226548323,574.0468934528201,1.0143661420535846
736,66.4218226548323,602.1916383187784,1.016071822339962
737,66.4218226548323,627.9160678059109,1.017549367141718
738,66.4218226548323,651.6832322817402,1.0192777082245323
739,66.4218226548323,673.8285563461598,1.020426731154574
740,66.4218226548323,694.6038091737228,1.0218190939031417
741,66.4218226548323,714.2034059782127,1.0231225778957487
742,66.4218226548323,732.780995255785,1.0248596105719567
743,66.4218226548323,750.460376368557,1.0261737718163928
744,66.4218226548323,767.3429435915259,1.027580389409626
745,66.4218226548323,783.5129146999749,1.0295418030558314
746,66.4218226548323,799.0410976843807,1.0305081124859423
747,66.4218226548323,813.9876643749715,1.0323492699708199
748,66.4218226548323,828.4042322099767,1.0340233025739198
749,66.4218226548323,842.3354532536378,1.035313659315488
750,66.4218226548323,855.8202453641381,1.0372283936402547
751,66.4218226548323,868.8927589341354,1.0392303713512474
752,66.4218226548323,881.5831451779695,1.041315499795998
753,66.4218226548323,893.9181733794843,1.0443080484652871
754,63.25631712863342,0.0,1.0
755,63.25631712863342,153.89783520090268,1.0004876095121678
756,63.25631712863342,347.79695730377216,1.004210141616968
757,63.25631712863342,415.8582087926117,1.0064404506388454
758,63.25631712863342,466.25667218328374,1.0083491801331708
759,63.25631712863342,507.4591819326994,1.0101736097959102
760,63.25631712863342,542.812521975005,1.0116356431186961
761,63.25631712863342,574.0468934528201,1.0131669851189387
762,63.25631712863342,602.1916383187784,1.014775001747167
763,63.25631712863342,627.9160678059109,1.016377514709779
764,63.25631712863342,651.6832322817402,1.0175291587761905
765,63.25631712863342,673.8285563461598,1.0192297467732978
766,63.25631712863342,694.6038091737228,1.0206788605162438
767,63.25631712863342,714.2034059782127,1.0217694354614517
768,63.25631712863342,732.780995255785,1.023136962079524
769,63.25631712863342,750.460376368557,1.0249818649077915
770,63.25631712863342,767.3429435915259,1.0262914680931994
771,63.25631712863342,783.5129146999749,1.027783910755155
772,63.25631712863342,799.0410976843807,1.0289236271302526
773,63.25631712863342,813.9876643749715,1.0301010811217166
774,63.25631712863342,828.4042322099767,1.031676328706723
775,63.25631712863342,842.3354532536378,1.0331713717439535
776,63.25631712863342,855.8202453641381,1.0345002613508187
777,63.25631712863342,868.8927589341354,1.035621045030444
778,63.25631712863342,881.5831451779695,1.0374356880757722
779,63.25631712863342,893.9181733794843,1.0384647922515327
780,60.00000102348968,0.0,1.0
781,60.00000102348968,153.89783520090268,1.0003024583059261
782,60.00000102348968,347.79695730377216,1.0038670909875504
783,60.00000102348968,415.8582087926117,1.0055809958603654
784,60.00000102348968,466.25667218328374,1.007704065304918
785,60.00000102348968,507.4591819326994,1.009008725709307
786,60.00000102348968,542.812521975005,1.0105771696081214
787,60.00000102348968,574.0468934528201,1.0121902964432756
788,60.00000102348968,602.1916383187784,1.0135119309163427
789,60.00000102348968,627.9160678059109,1.0150245178638344
790,60.00000102348968,651.6832322817402,1.0163296657764536
791,60.00000102348968,673.8285563461598,1.017647110455995
792,60.00000102348968,694.6038091737228,1.0194905296712238
793,60.00000102348968,714.2034059782127,1.0204193540220023
794,60.00000102348968,732.780995255785,1.0215933453654265
795,60.00000102348968,750.460376368557,1.0229863126279723
796,60.00000102348968,767.3429435915259,1.0246819541185916
797,60.00000102348968,783.5129146999749,1.0258931512789278
798,60.00000102348968,799.0410976843807,1.0273213627831093
799,60.00000102348968,813.9876643749715,1.0287959240260616
800,60.00000102348968,828.4042322099767,1.0302066832500951
801,60.00000102348968,842.3354532536378,1.031734679545863
802,60.00000102348968,855.8202453641381,1.0330325186536362
803,60.00000102348968,868.8927589341354,1.0344141439015462
804,60.00000102348968,881.5831451779695,1.0363184721352985
805,60.00000102348968,893.9181733794843,1.0378602653655022
806,56.63298799682287,0.0,1.0
807,56.63298799682287,153.89783520090268,1.0002892599117907
808,56.63298799682287,347.79695730377216,1.0031133670228096
809,56.63298799682287,415.8582087926117,1.0046477567243148
810,56.63298799682287,466.25667218328374,1.0063566954341747
811,56.63298799682287,507.4591819326994,1.0077760201828214
812,56.63298799682287,542.812521975005,1.0093856986790042
813,56.63298799682287,574.0468934528201,1.0106796776194742
814,56.63298799682287,602.1916383187784,1.0121045844305743
815,56.63298799682287,627.9160678059109,1.013434051435533
816,56.63298799682287,651.6832322817402,1.014705216553907
817,56.63298799682287,673.8285563461598,1.016174618020729
818,56.63298799682287,694.6038091737228,1.0173739555868224
819,56.63298799682287,714.2034059782127,1.018827685635372
820,56.63298799682287,732.780995255785,1.0199159290214472
821,56.63298799682287,750.460376368557,1.021681670045379
822,56.63298799682287,767.3429435915259,1.0226924809313405
823,56.63298799682287,783.5129146999749,1.0240602956617997
824,56.63298799682287,799.0410976843807,1.0256373484875734
825,56.63298799682287,813.9876643749715,1.0268854641201701
826,56.63298799682287,828.4042322099767,1.0286076562595279
827,56.63298799682287,842.3354532536378,1.0303907310936922
828,56.63298799682287,855.8202453641381,1.0321050869482797
829,56.63298799682287,868.8927589341354,1.0342084512143805
830,56.63298799682287,881.5831451779695,1.0365247617612658
831,56.63298799682287,893.9181733794843,1.0391296341610101
832,53.13010326045782,0.0,1.0
833,53.13010326045782,153.89783520090268,0.9999042765371418
834,53.13010326045782,347.79695730377216,1.0022870629546248
835,53.13010326045782,415.8582087926117,1.0040846338919416
836,53.13010326045782,466.25667218328374,1.005174483266543
837,53.13010326045782,507.4591819326994,1.0068663678493899
838,53.13010326045782,542.812521975005,1.007964345241857
839,53.13010326045782,574.0468934528201,1.0090622853061337
840,53.13010326045782,602.1916383187784,1.0105303713634213
841,53.13010326045782,627.9160678059109,1.0117736789640481
842,53.13010326045782,651.6832322817402,1.012765527640309
843,53.13010326045782,673.8285563461598,1.0141636819338786
844,53.13010326045782,694.6038091737228,1.0155320032284714
845,53.13010326045782,714.2034059782127,1.0167547510750234
846,53.13010326045782,732.780995255785,1.0182355285722788
847,53.13010326045782,750.460376368557,1.0192246114745387
848,53.13010326045782,767.3429435915259,1.021003994165055
849,53.13010326045782,783.5129146999749,1.0218790187953573
850,53.13010326045782,799.0410976843807,1.023354376028588
851,53.13010326045782,813.9876643749715,1.0251643877473144
852,53.13010326045782,828.4042322099767,1.0262999952037297
853,53.13010326045782,842.3354532536378,1.0282023481581941
854,53.13010326045782,855.8202453641381,1.030076613839955
855,53.13010326045782,868.8927589341354,1.0322335675122112
856,53.13010326045782,881.5831451779695,1.0351143787262822
857,53.13010326045782,893.9181733794843,1.0379488109193824
858,49.4583989701648,0.0,1.0
859,49.4583989701648,153.89783520090268,0.9998175776831986
860,49.4583989701648,347.79695730377216,1.0017492866039819
861,49.4583989701648,415.8582087926117,1.0026275749137357
862,49.4583989701648,466.25667218328374,1.0035091198162196
863,49.4583989701648,507.4591819326994,1.0051328058322542
864,49.4583989701648,542.812521975005,1.0060414011955803
865,49.4583989701648,574.0468934528201,1.0069510764126395
866,49.4583989701648,602.1916383187784,1.0081683564139372
867,49.4583989701648,627.9160678059109,1.0094631371902534
868,49.4583989701648,651.6832322817402,1.0106241627050134
869,49.4583989701648,673.8285563461598,1.0117278716343177
870,49.4583989701648,694.6038091737228,1.013305616931788
871,49.4583989701648,714.2034059782127,1.0141423924914168
872,49.4583989701648,732.780995255785,1.0155132276559387
873,49.4583989701648,750.460376368557,1.0168290083985347
874,49.4583989701648,767.3429435915259,1.0177642618228873
875,49.4583989701648,783.5129146999749,1.0194833991431997
876,49.4583989701648,799.0410976843807,1.0206443090968347
877,49.4583989701648,813.9876643749715,1.0221558843440008
878,49.4583989701648,828.4042322099767,1.0234249461744511
879,49.4583989701648,842.3354532536378,1.024758594759919
880,49.4583989701648,855.8202453641381,1.0260683074097439
881,49.4583989701648,868.8927589341354,1.027460689617044
882,49.4583989701648,881.5831451779695,1.0286756744689036
883,49.4583989701648,893.9181733794843,1.0300252733624269
884,45.572996776585796,0.0,1.0
885,45.572996776585796,153.89783520090268,0.9994660681384855
886,45.572996776585796,347.79695730377216,1.0006161083032226
887,45.572996776585796,415.8582087926117,1.0013935051707223
888,45.572996776585796,466.25667218328374,1.002235766276173
889,45.572996776585796,507.4591819326994,1.0030663118081895
890,45.572996776585796,542.812521975005,1.0039210381531545
891,45.572996776585796,574.0468934528201,1.0049185729213328
892,45.572996776585796,602.1916383187784,1.0059359500810618
893,45.572996776585796,627.9160678059109,1.0071060286628821
894,45.572996776585796,651.6832322817402,1.008345221072489
895,45.572996776585796,673.8285563461598,1.0091913783457012
896,45.572996776585796,694.6038091737228,1.010403528204603
897,45.572996776585796,714.2034059782127,1.0113120474735602
898,45.572996776585796,732.780995255785,1.012871329567225
899,45.572996776585796,750.460376368557,1.0136986591034631
900,45.572996776585796,767.3429435915259,1.0147117914167878
901,45.572996776585796,783.5129146999749,1.0157806092204262
902,45.572996776585796,799.0410976843807,1.0169802399545351
903,45.572996776585796,813.9876643749715,1.0183446941971304
904,45.572996776585796,828.4042322099767,1.0195053621396286
905,45.572996776585796,842.3354532536378,1.0210983086428014
906,45.572996776585796,855.8202453641381,1.0224371393225822
907,45.572996776585796,868.8927589341354,1.0236541314026708
908,45.572996776585796,881.5831451779695,1.0256331927137443
909,45.572996776585796,893.9181733794843,1.0277541237007144
910,41.40962281564288,0.0,1.0
911,41.40962281564288,153.89783520090268,0.9991492227322253
912,41.40962281564288,347.79695730377216,0.9995783595296439
913,41.40962281564288,415.8582087926117,1.0000195302656025
914,41.40962281564288,466.25667218328374,1.0003729268290624
915,41.40962281564288,507.4591819326994,1.0007914890412457
916,41.40962281564288,542.812521975005,1.0015760829532183
917,41.40962281564288,574.0468934528201,1.002387885933363
918,41.40962281564288,602.1916383187784,1.0031297004097832
919,41.40962281564288,627.9160678059109,1.0037817732836645
920,41.40962281564288,651.6832322817402,1.0051745744122318
921,41.40962281564288,673.8285563461598,1.0059548710789965
922,41.40962281564288,694.6038091737228,1.0069405079604137
923,41.40962281564288,714.2034059782127,1.007929423946337
924,41.40962281564288,732.780995255785,1.0088644445548327
925,41.40962281564288,750.460376368557,1.0100666740524356
926,41.40962281564288,767.3429435915259,1.0110023105816979
927,41.40962281564288,783.5129146999749,1.0125061726897067
928,41.40962281564288,799.0410976843807,1.0135488900161242
929,41.40962281564288,813.9876643749715,1.0150431824086208
930,41.40962281564288,828.4042322099767,1.0163895294715783
931,41.40962281564288,842.3354532536378,1.0175120902452457
932,41.40962281564288,855.8202453641381,1.0194987098455934
933,41.40962281564288,868.8927589341354,1.0209125974888276
934,41.40962281564288,881.5831451779695,1.0231919050762943
935,41.40962281564288,893.9181733794843,1.0255758796852485
936,36.86989827477667,0.0,1.0
937,36.86989827477667,153.89783520090268,0.9993879873570711
938,36.86989827477667,347.79695730377216,0.9984234989556477
939,36.86989827477667,415.8582087926117,0.9980875040473988
940,36.86989827477667,466.25667218328374,0.9980348603448422
941,36.86989827477667,507.4591819326994,0.9983214587002083
942,36.86989827477667,542.812521975005,0.9984237081245874
943,36.86989827477667,574.0468934528201,0.9990839781043332
944,36.86989827477667,602.1916383187784,0.9993381711663776
945,36.86989827477667,627.9160678059109,1.0002930309220512
946,36.86989827477667,651.6832322817402,1.0009870890437131
947,36.86989827477667,673.8285563461598,1.00150137015712
948,36.86989827477667,694.6038091737228,1.0025044742852665
949,36.86989827477667,714.2034059782127,1.0034284286384583
950,36.86989827477667,732.780995255785,1.0045925127636974
951,36.86989827477667,750.460376368557,1.005425026309841
952,36.86989827477667,767.3429435915259,1.0069596437428083
953,36.86989827477667,783.5129146999749,1.0074959564360024
954,36.86989827477667,799.0410976843807,1.008761365444508
955,36.86989827477667,813.9876643749715,1.0099648630499507
956,36.86989827477667,828.4042322099767,1.011189945493954
957,36.86989827477667,842.3354532536378,1.0125269008903108
958,36.86989827477667,855.8202453641381,1.0139690698268213
959,36.86989827477667,868.8927589341354,1.0153403063524988
960,36.86989827477667,881.5831451779695,1.0168316760158496
961,36.86989827477667,893.9181733794843,1.0190959810077345
962,31.788331159302075,0.0,1.0
963,31.788331159302075,153.89783520090268,0.9992219237917621
964,31.788331159302075,347.79695730377216,0.9970731623343803
965,31.788331159302075,415.8582087926117,0.9962861103094898
966,31.788331159302075,466.25667218328374,0.9955522738014393
967,31.788331159302075,507.4591819326994,0.9949396032195512
968,31.788331159302075,542.812521975005,0.9948462976228096
969,31.788331159302075,574.0468934528201,0.9947798825916168
970,31.788331159302075,602.1916383187784,0.9950404735027903
971,31.788331159302075,627.9160678059109,0.9949893423030967
972,31.788331159302075,651.6832322817402,0.9954375992357516
973,31.788331159302075,673.8285563461598,0.9961760181207846
974,31.788331159302075,694.6038091737228,0.9967524291359938
975,31.788331159302075,714.2034059782127,0.9976752038770296
976,31.788331159302075,732.780995255785,0.9984109284485571
977,31.788331159302075,750.460376368557,0.9994162537768655
978,31.788331159302075,767.3429435915259,1.0005209944019362
979,31.788331159302075,783.5129146999749,1.0014726322792176
980,31.788331159302075,799.0410976843807,1.0030752502857785
981,31.788331159302075,813.9876643749715,1.0041212414506815
982,31.788331159302075,828.4042322099767,1.005514035908532
983,31.788331159302075,842.3354532536378,1.0071091243562622
984,31.788331159302075,855.8202453641381,1.0088969020931686
985,31.788331159302075,868.8927589341354,1.0105960604987672
986,31.788331159302075,881.5831451779695,1.0129513409539028
987,31.788331159302075,893.9181733794843,1.015660784396579
988,25.84193320398297,0.0,1.0
989,25.84193320398297,153.89783520090268,0.9986246834889888
990,25.84193320398297,347.79695730377216,0.9954032156802759
991,25.84193320398297,415.8582087926117,0.9940325927016657
992,25.84193320398297,466.25667218328374,0.9924920678493134
993,25.84193320398297,507.4591819326994,0.9914302400012833
994,25.84193320398297,542.812521975005,0.9895452179782147
995,25.84193320398297,574.0468934528201,0.9889570892605658
996,25.84193320398297,602.1916383187784,0.9884977435436643
997,25.84193320398297,627.9160678059109,0.9881942036149647
998,25.84193320398297,651.6832322817402,0.9880216147958897
999,25.84193320398297,673.8285563461598,0.9880109951653228
1000,25.84193320398297,694.6038091737228,0.9882148276464238
1001,25.84193320398297,714.2034059782127,0.988806944872087
1002,25.84193320398297,732.780995255785,0.9891525871918764
1003,25.84193320398297,750.460376368557,0.9897116600894341
1004,25.84193320398297,767.3429435915259,0.9906329542686613
1005,25.84193320398297,783.5129146999749,0.991786726625427
1006,25.84193320398297,799.0410976843807,0.9930589675989422
1007,25.84193320398297,813.9876643749715,0.9941603681007172
1008,25.84193320398297,828.4042322099767,0.9959789274550219
1009,25.84193320398297,842.3354532536378,0.9979698048014908
1010,25.84193320398297,855.8202453641381,0.9999829976673146
1011,25.84193320398297,868.8927589341354,1.001899102403253
1012,25.84193320398297,881.5831451779695,1.0047085565644231
1013,25.84193320398297,893.9181733794843,1.007708975215077
1014,18.19487264913781,0.0,1.0
1015,18.19487264913781,153.89783520090268,0.9984326890486803
1016,18.19487264913781,347.79695730377216,0.9938425228365726
1017,18.19487264913781,415.8582087926117,0.9905263422648528
1018,18.19487264913781,466.25667218328374,0.9885051542864176
1019,18.19487264913781,507.4591819326994,0.9854243575712546
1020,18.19487264913781,542.812521975005,0.9833790218889406
1021,18.19487264913781,574.0468934528201,0.9813344603194966
1022,18.19487264913781,602.1916383187784,0.9792666157020488
1023,18.19487264913781,627.9160678059109,0.9770215196732603
1024,18.19487264913781,651.6832322817402,0.9747745181588114
1025,18.19487264913781,673.8285563461598,0.9733274831866988
1026,18.19487264913781,694.6038091737228,0.971929866913131
1027,18.19487264913781,714.2034059782127,0.9710337822638132
1028,18.19487264913781,732.780995255785,0.9697959273663048
1029,18.19487264913781,750.460376368557,0.9691002242414906
1030,18.19487264913781,767.3429435915259,0.9686151914828969
1031,18.19487264913781,783.5129146999749,0.9683735552431737
1032,18.19487264913781,799.0410976843807,0.9686686646751159
1033,18.19487264913781,813.9876643749715,0.9695894728078659
1034,18.19487264913781,828.4042322099767,0.9703520418165134
1035,18.19487264913781,842.3354532536378,0.9717461274318
1036,18.19487264913781,855.8202453641381,0.9738787548357957
1037,18.19487264913781,868.8927589341354,0.9760856770501436
1038,18.19487264913781,881.5831451779695,0.9787044897407263
1039,18.19487264913781,893.9181733794843,0.9833771592047341
1040,0.0,0.0,1.0
1041,0.0,153.89783520090268,0.9983054091067388
1042,0.0,347.79695730377216,0.9918286280349932
1043,0.0,415.8582087926117,0.9873209456091414
1044,0.0,466.25667218328374,0.982577476004116
1045,0.0,507.4591819326994,0.9777677894322115
1046,0.0,542.812521975005,0.9730566357664396
1047,0.0,574.0468934528201,0.9672268647955062
1048,0.0,602.1916383187784,0.9615557249793515
1049,0.0,627.9160678059109,0.9549328843759356
1050,0.0,651.6832322817402,0.9472528603941005
1051,0.0,673.8285563461598,0.9385790377259994
1052,0.0,694.6038091737228,0.9291417884968259
1053,0.0,714.2034059782127,0.9180724931334964
1054,0.0,732.780995255785,0.9065770465630916
1055,0.0,750.460376368557,0.8916568049938509
1056,0.0,767.3429435915259,0.8759114416146232
1057,0.0,783.5129146999749,0.8580353775627031
1058,0.0,799.0410976843807,0.8362085064190719
1059,0.0,813.9876643749715,0.8133829600497446
1060,0.0,828.4042322099767,0.7852425274110385
1061,0.0,842.3354532536378,0.7538055058425932
1062,0.0,855.8202453641381,0.7198351809253306
1063,0.0,868.8927589341354,0.6810544113922593
1064,0.0,881.5831451779695,0.6383275760569195
1065,0.0,893.9181733794843,0.5965905472719786
